Kurs otwarcia;Kurs maksymalny;Kurs minimalny;Kurs zamkniecia
1862,90;1873,00;1832,70;1852,90
1818,30;1818,30;1784,10;1796,60
1739,00;1787,10;1739,00;1777,00
1776,20;1835,60;1765,00;1832,10
1867,00;1946,40;1867,00;1933,20
1968,80;2041,90;1968,80;2000,80
1977,40;1990,90;1946,70;1974,90
1940,50;1964,30;1940,50;1961,30
1979,80;2038,70;1979,80;2032,90
2041,10;2041,10;1981,10;2010,50
2001,50;2028,30;1994,40;2027,00
2032,30;2048,50;1975,10;1982,60
1953,60;1971,90;1940,40;1971,90
1985,80;2002,10;1954,90;1995,20
1975,00;2003,00;1975,00;2003,00
1982,30;1982,30;1928,20;1933,10
1898,60;1898,60;1839,40;1873,70
1896,10;1924,00;1896,10;1914,10
1910,00;1951,30;1910,00;1951,30
1945,70;1971,30;1914,50;1938,50
1909,10;1920,20;1900,10;1910,10
1947,40;1976,50;1932,90;1946,30
1955,10;1985,30;1945,80;1981,30
2017,10;2112,20;2017,10;2109,00
2128,50;2158,50;2070,80;2096,80
2110,50;2154,20;2080,50;2142,10
2152,80;2205,80;2151,90;2205,80
2236,20;2317,40;2185,70;2198,60
2142,60;2189,30;2140,60;2170,60
2197,90;2200,20;2118,90;2132,80
2090,90;2150,70;2084,80;2146,50
2186,60;2187,80;2150,90;2155,60
2198,20;2198,20;2142,00;2157,90
2152,00;2225,60;2150,30;2221,80
2238,40;2280,30;2238,40;2264,30
2192,10;2258,30;2192,10;2242,40
2262,40;2336,60;2262,40;2333,60
2344,20;2427,20;2332,00;2344,20
2384,00;2436,30;2355,80;2426,60
2422,70;2422,70;2323,30;2327,60
2274,70;2280,00;2180,40;2268,10
2300,30;2341,90;2282,20;2341,90
2360,50;2392,20;2335,60;2391,20
2394,70;2429,50;2349,00;2358,00
2341,10;2400,90;2341,10;2397,40
2418,90;2418,90;2376,70;2380,10
2345,50;2374,50;2312,00;2369,10
2310,00;2377,30;2310,00;2355,70
2395,10;2419,70;2377,10;2401,20
2452,00;2510,50;2452,00;2481,80
2437,60;2442,50;2305,50;2346,10
2395,10;2470,50;2395,10;2464,80
2370,20;2400,50;2355,10;2368,20
2400,80;2400,80;2343,80;2378,40
2468,10;2468,10;2377,40;2384,10
2406,20;2406,20;2382,50;2387,90
2378,70;2378,70;2338,80;2341,50
2395,50;2395,50;2363,70;2380,70
2385,70;2403,40;2385,70;2402,30
2410,20;2449,10;2410,20;2445,70
2462,50;2472,80;2439,10;2443,70
2458,40;2459,10;2437,50;2443,10
2418,10;2418,10;2371,30;2393,90
2322,10;2322,10;2227,60;2235,90
2232,00;2275,50;2232,00;2275,50
2298,30;2298,30;2209,90;2209,90
2200,60;2212,70;2146,80;2192,10
2170,30;2170,30;2069,00;2100,40
2137,90;2191,00;2137,90;2186,00
2221,30;2239,50;2195,80;2228,80
2244,90;2244,90;2203,80;2217,70
2165,60;2165,60;2111,40;2132,40
2177,80;2203,50;2168,60;2174,10
2130,30;2183,20;2130,30;2163,10
2175,70;2176,00;2109,10;2121,00
1990,60;1990,60;1906,90;1963,70
2052,90;2052,90;1976,50;2005,50
2045,20;2045,20;1992,30;1993,80
1968,40;1986,60;1954,70;1982,80
1961,00;1961,80;1941,70;1951,30
1976,00;1987,30;1972,40;1975,80
1971,60;2011,40;1942,60;1980,80
2014,90;2042,80;2014,30;2042,80
2014,80;2029,80;1986,60;2008,00
1984,90;1984,90;1961,90;1970,40
1971,10;1971,10;1924,00;1942,80
1945,80;1955,10;1927,40;1946,30
1954,60;1992,10;1954,60;1990,50
1971,80;2056,90;1971,80;2044,50
2054,90;2063,00;2032,10;2060,70
2049,40;2052,80;2023,90;2023,90
2081,40;2111,00;2062,90;2109,80
2096,20;2096,20;2055,00;2063,10
2058,80;2078,90;2056,50;2068,20
2043,30;2043,30;2000,00;2016,80
2003,90;2006,00;1983,70;1983,70
1983,80;1983,80;1948,30;1952,00
1890,50;1900,00;1875,90;1891,90
1909,50;1918,70;1887,70;1912,90
1878,30;1903,60;1878,30;1897,80
1905,40;1973,70;1905,40;1969,70
1991,60;2011,70;1965,90;1984,60
2050,20;2050,20;2004,20;2014,70
2048,30;2093,60;2048,30;2092,80
2076,20;2110,20;2053,00;2102,90
2105,40;2105,40;2074,10;2086,30
2054,20;2054,20;2008,80;2019,70
2009,70;2065,40;2009,70;2057,40
2076,00;2084,50;2049,80;2051,70
2053,80;2060,20;2034,80;2045,60
2046,30;2046,30;2025,50;2034,00
2013,10;2024,50;2011,90;2016,00
2046,00;2055,00;2037,10;2039,00
2040,20;2044,60;2020,10;2041,70
2043,20;2045,70;2025,30;2030,90
2023,80;2023,80;1999,00;2002,00
2030,80;2049,50;2027,60;2040,90
2026,90;2036,10;2017,30;2036,00
2019,40;2026,70;2018,60;2024,60
2021,40;2062,50;2021,40;2061,60
2077,60;2088,00;2064,80;2064,90
2058,50;2067,00;2050,00;2063,70
2065,20;2065,20;2012,00;2020,50
2030,20;2035,60;1995,10;1997,70
2013,40;2033,00;2013,40;2023,10
2033,60;2033,60;2016,70;2030,00
2026,20;2039,00;2018,80;2019,10
2006,20;2006,20;1993,40;1999,50
1997,00;1997,70;1974,60;1987,80
2007,60;2007,60;1982,20;1989,70
1985,00;1985,00;1964,10;1972,70
1968,30;1993,60;1968,30;1987,50
1997,10;2015,90;1997,10;2004,80
2016,20;2031,50;2016,10;2016,40
2029,90;2045,50;2028,40;2039,90
2044,60;2065,80;2044,60;2047,00
2052,50;2075,90;2052,50;2064,30
2047,20;2065,50;2044,80;2061,20
2071,50;2075,00;2054,40;2061,70
2067,30;2072,20;2054,30;2069,70
2044,60;2049,50;2029,30;2046,60
2031,80;2031,80;1988,00;1993,80
1974,20;1980,30;1936,60;1966,00
1946,30;1960,60;1946,30;1949,30
1939,00;1953,50;1930,40;1941,10
1937,60;1937,60;1894,40;1903,00
1928,80;1946,40;1928,80;1941,50
1933,90;1933,90;1903,70;1909,60
1931,40;1945,10;1921,50;1942,40
1944,50;1944,50;1919,60;1924,70
1929,90;1943,10;1929,90;1943,10
1960,70;1974,70;1960,70;1970,60
1960,70;1960,70;1919,50;1922,70
1915,10;1915,10;1886,00;1886,00
1876,60;1894,80;1876,60;1891,90
1898,30;1916,10;1895,50;1912,10
1882,30;1882,30;1849,30;1855,60
1863,30;1863,30;1812,10;1837,20
1821,80;1826,50;1810,20;1822,60
1833,30;1838,80;1823,20;1837,40
1840,50;1860,20;1840,50;1852,70
1864,50;1882,70;1862,90;1879,40
1892,70;1905,10;1888,00;1898,60
1900,50;1900,50;1873,70;1876,90
1874,20;1874,20;1858,80;1873,40
1871,20;1895,80;1871,20;1889,30
1900,30;1919,10;1896,00;1911,70
1933,40;1956,00;1923,80;1952,00
1957,30;1969,80;1937,00;1939,70
1927,10;1938,20;1912,50;1919,50
1910,90;1922,30;1901,80;1910,90
1897,80;1898,80;1878,30;1894,00
1900,30;1900,30;1881,70;1888,70
1863,70;1873,70;1860,50;1867,70
1867,00;1901,80;1867,00;1900,70
1891,10;1918,00;1883,20;1892,30
1896,70;1907,20;1885,80;1907,20
1890,80;1894,60;1884,30;1889,60
1862,30;1878,70;1862,30;1874,30
1861,80;1875,10;1853,00;1858,40
1862,30;1862,30;1839,60;1842,10
1835,70;1835,70;1790,00;1794,40
1735,40;1752,60;1710,90;1723,10
1761,10;1774,30;1752,10;1768,10
1742,90;1742,90;1705,10;1710,50
1702,10;1720,70;1697,80;1708,30
1695,00;1695,00;1640,90;1664,00
1706,20;1708,20;1683,40;1688,40
1695,00;1715,10;1694,60;1700,70
1666,20;1668,40;1648,10;1667,10
1651,20;1660,10;1641,20;1643,50
1660,40;1675,50;1657,00;1668,50
1665,80;1668,10;1656,70;1658,00
1637,70;1637,70;1612,90;1618,60
1628,90;1628,90;1601,30;1608,70
1570,00;1570,00;1523,40;1546,70
1551,70;1574,70;1550,20;1550,20
1502,00;1502,00;1472,80;1499,10
1574,50;1584,70;1546,70;1574,80
1575,70;1622,90;1575,40;1618,00
1575,00;1595,10;1533,40;1542,30
1593,20;1620,10;1593,20;1608,30
1631,80;1636,50;1619,10;1630,00
1627,30;1627,30;1615,50;1625,00
1622,80;1656,00;1622,80;1644,40
1631,70;1635,80;1606,10;1606,20
1610,00;1615,50;1578,20;1582,80
1583,60;1583,60;1560,00;1571,20
1562,70;1562,70;1538,30;1543,90
1546,80;1570,00;1546,80;1568,80
1599,30;1648,30;1599,30;1648,30
1667,00;1681,90;1659,90;1663,60
1686,60;1733,00;1686,60;1733,00
1734,10;1746,20;1699,80;1715,30
1717,50;1729,20;1711,90;1714,30
1685,50;1685,50;1643,70;1657,00
1656,40;1656,40;1616,00;1630,00
1594,00;1594,00;1580,10;1591,10
1628,00;1644,30;1623,20;1640,00
1644,10;1644,60;1618,60;1622,70
1611,60;1630,80;1606,30;1628,40
1618,47;1643,22;1614,56;1643,22
1648,50;1676,48;1646,79;1653,09
1653,21;1666,77;1650,88;1660,03
1646,46;1646,46;1620,22;1639,15
1641,59;1645,45;1623,01;1626,49
1628,75;1677,39;1628,75;1677,39
1704,14;1726,51;1688,24;1688,46
1673,14;1681,03;1657,94;1665,44
1655,57;1665,81;1639,29;1658,02
1658,10;1660,89;1617,68;1623,16
1635,30;1645,34;1617,94;1626,26
1624,48;1629,70;1590,72;1601,97
1612,68;1639,89;1612,68;1638,92
1662,48;1689,49;1657,48;1680,41
1676,10;1704,93;1661,93;1690,11
1701,75;1722,09;1701,75;1714,80
1720,91;1737,51;1707,32;1723,35
1718,83;1734,93;1708,74;1734,84
1734,21;1758,21;1717,18;1744,75
1744,35;1801,22;1736,85;1799,40
1797,19;1819,03;1774,45;1785,44
1797,73;1818,19;1787,01;1818,19
1817,07;1868,78;1811,77;1847,43
1831,65;1831,65;1785,41;1792,13
1764,32;1794,90;1754,99;1772,06
1786,89;1821,08;1786,89;1816,58
1828,85;1857,24;1828,85;1843,61
1847,89;1852,54;1816,97;1825,20
1817,72;1838,22;1814,94;1816,19
1785,67;1805,19;1771,35;1794,65
1785,86;1799,84;1759,26;1779,34
1799,10;1839,58;1799,10;1826,19
1825,78;1829,23;1784,97;1784,97
1765,78;1765,78;1739,63;1745,47
1750,02;1766,28;1728,43;1766,28
1755,96;1756,25;1730,16;1732,12
1726,54;1726,54;1704,28;1710,46
1717,93;1744,94;1717,93;1732,58
1734,08;1738,82;1709,78;1715,52
1710,85;1718,40;1687,93;1704,37
1711,38;1732,27;1695,41;1722,65
1719,59;1754,25;1717,88;1728,37
1755,34;1784,52;1749,86;1782,68
1780,91;1792,62;1751,69;1754,29
1751,22;1754,77;1735,14;1742,59
1751,82;1764,87;1741,66;1743,05
1741,65;1759,98;1731,87;1746,45
1735,84;1744,47;1725,54;1744,47
1739,76;1768,77;1736,38;1762,65
1767,79;1786,53;1766,98;1774,26
1775,12;1779,91;1767,90;1772,10
1768,95;1774,66;1760,24;1772,00
1773,79;1784,28;1771,52;1775,29
1771,76;1771,76;1712,15;1712,15
1707,99;1725,69;1684,10;1716,85
1696,34;1698,15;1656,87;1667,59
1663,82;1686,04;1660,06;1671,50
1672,98;1674,23;1647,17;1647,17
1640,40;1640,40;1618,69;1625,17
1630,74;1661,73;1630,74;1661,73
1639,49;1643,71;1629,52;1639,58
1639,36;1676,81;1635,78;1676,81
1671,78;1674,94;1605,59;1623,43
1612,12;1628,01;1598,61;1604,34
1607,16;1630,74;1591,58;1591,58
1569,67;1569,67;1527,09;1553,93
1547,41;1567,51;1517,16;1528,61
1542,28;1561,66;1513,79;1522,52
1534,49;1562,32;1534,49;1545,47
1546,70;1550,21;1494,99;1497,18
1479,10;1503,07;1450,93;1490,33
1468,50;1470,15;1434,72;1437,08
1431,03;1457,66;1426,35;1445,46
1448,02;1474,08;1441,46;1474,06
1483,33;1499,66;1483,33;1496,45
1494,32;1494,57;1475,65;1484,08
1480,93;1495,48;1467,89;1469,77
1460,29;1460,29;1413,78;1413,78
1389,13;1389,13;1332,20;1344,23
1328,64;1359,57;1321,24;1352,57
1361,65;1364,60;1305,02;1331,40
1346,84;1377,88;1337,11;1377,88
1372,96;1372,96;1356,14;1371,68
1370,27;1388,85;1369,68;1377,30
1387,31;1417,85;1385,52;1401,13
1383,53;1407,13;1376,41;1390,01
1384,93;1384,93;1354,07;1372,41
1395,16;1405,05;1389,05;1389,05
1396,42;1412,92;1388,00;1388,00
1381,95;1387,79;1358,44;1377,55
1385,08;1401,55;1384,29;1390,44
1372,65;1379,19;1360,31;1371,31
1371,99;1383,94;1371,99;1375,89
1372,95;1373,58;1349,47;1359,42
1344,88;1344,88;1317,43;1334,66
1299,10;1327,95;1297,03;1317,33
1327,78;1347,59;1324,01;1347,36
1353,65;1368,09;1348,79;1367,18
1365,08;1390,49;1355,54;1390,49
1393,69;1442,85;1393,69;1421,18
1434,32;1457,48;1431,58;1450,72
1457,42;1465,30;1436,43;1450,76
1427,35;1427,41;1403,81;1407,67
1425,53;1477,29;1425,53;1477,29
1498,78;1519,06;1489,00;1499,57
1495,70;1523,73;1482,35;1498,95
1477,75;1488,85;1468,10;1475,70
1481,16;1487,94;1459,00;1466,62
1460,93;1473,57;1451,34;1467,61
1469,64;1491,19;1469,64;1483,16
1479,22;1482,66;1460,44;1472,13
1474,11;1474,69;1441,03;1441,03
1442,40;1455,67;1423,98;1438,14
1434,75;1436,24;1413,35;1422,71
1427,93;1445,43;1413,94;1414,58
1412,80;1412,80;1387,99;1392,76
1377,12;1377,12;1358,54;1362,92
1363,99;1407,29;1363,99;1403,70
1406,94;1428,27;1405,08;1416,04
1415,92;1433,13;1408,35;1433,13
1432,25;1432,25;1404,57;1407,47
1394,68;1394,68;1376,50;1379,64
1393,87;1410,62;1390,00;1394,52
1391,06;1401,36;1384,14;1400,08
1400,19;1446,54;1399,33;1445,66
1457,40;1496,50;1457,40;1489,34
1486,33;1501,44;1478,60;1485,10
1485,07;1494,38;1472,76;1494,38
1493,80;1498,64;1474,66;1476,20
1469,44;1478,30;1464,36;1473,42
1475,30;1483,35;1464,55;1472,98
1465,69;1465,69;1448,70;1455,52
1442,13;1467,89;1436,03;1467,89
1466,03;1466,82;1451,26;1461,81
1461,68;1461,68;1425,03;1425,03
1421,96;1440,18;1419,11;1440,18
1444,42;1447,01;1409,76;1411,16
1392,32;1398,03;1369,01;1378,83
1381,17;1389,36;1346,63;1347,22
1340,62;1340,62;1318,70;1318,70
1317,01;1341,05;1316,01;1330,86
1341,27;1359,04;1327,61;1333,87
1331,02;1331,02;1296,37;1298,58
1295,38;1304,37;1268,12;1283,88
1288,09;1289,33;1260,08;1280,93
1264,20;1274,90;1257,03;1259,51
1263,90;1298,39;1263,90;1298,39
1307,83;1316,50;1294,41;1303,39
1297,60;1324,06;1294,52;1322,83
1323,19;1323,65;1283,19;1289,98
1293,58;1308,40;1275,51;1284,49
1278,87;1282,72;1260,36;1277,89
1282,27;1294,79;1271,22;1271,22
1269,72;1272,97;1248,12;1254,32
1252,50;1254,83;1223,68;1226,65
1223,50;1227,67;1188,34;1193,67
1191,64;1203,55;1176,93;1191,45
1191,60;1227,81;1191,35;1219,06
1219,56;1219,56;1191,60;1204,37
1203,52;1204,16;1166,55;1176,31
1164,47;1164,75;1138,49;1160,01
1175,25;1219,12;1175,25;1207,84
1216,06;1220,13;1188,28;1200,31
1198,08;1228,93;1192,78;1228,93
1225,78;1225,78;1187,80;1192,97
1184,72;1194,59;1175,41;1194,59
1192,38;1192,38;1176,20;1189,28
1179,49;1181,91;1137,30;1137,30
1137,83;1150,87;1131,24;1139,19
1143,75;1143,75;1115,07;1120,50
1127,91;1134,68;1114,83;1118,07
1122,32;1156,43;1122,32;1155,41
1162,73;1186,68;1162,73;1184,30
1187,21;1201,43;1178,70;1188,32
1185,77;1185,77;1162,58;1173,53
1174,28;1184,75;1159,25;1179,59
1185,24;1200,44;1185,24;1189,77
1179,30;1182,44;1166,50;1182,44
1186,37;1199,19;1177,16;1179,85
1176,18;1176,18;1156,92;1164,07
1161,44;1161,44;1141,67;1142,67
1128,75;1129,08;1114,46;1118,64
1122,86;1132,64;1113,58;1119,76
1120,03;1120,03;1102,12;1102,12
1106,71;1130,08;1106,71;1123,97
1118,78;1118,78;1082,89;1087,12
1081,34;1081,34;1053,03;1062,23
1058,01;1077,26;1055,36;1074,58
1075,69;1095,04;1074,27;1090,38
1088,30;1120,64;1082,91;1113,75
1115,26;1125,96;1105,27;1111,98
1113,25;1133,23;1113,25;1133,23
1148,09;1156,22;1121,24;1123,21
1116,67;1127,27;1112,59;1114,12
1110,94;1120,68;1107,54;1120,52
1122,45;1136,07;1122,45;1130,88
1128,38;1139,49;1119,43;1138,84
1138,89;1156,98;1134,56;1148,85
1158,99;1171,71;1143,95;1147,03
1142,38;1169,32;1142,25;1169,32
1176,53;1198,51;1176,53;1190,57
1180,51;1186,03;1164,71;1170,00
1155,96;1170,87;1137,94;1147,41
1155,64;1161,40;1115,00;1115,41
1088,62;1108,81;1067,70;1108,81
1104,76;1119,05;1102,98;1113,26
1109,47;1110,39;1059,87;1063,46
1040,25;1043,10;1027,73;1041,20
1043,70;1050,78;1033,74;1043,45
1053,48;1067,92;1053,48;1067,92
1057,99;1060,33;1039,76;1045,98
1029,44;1029,44;987,84;1001,71
1015,69;1024,42;980,88;993,44
990,52;1004,59;977,98;1003,10
1007,42;1017,22;1004,74;1015,90
1015,64;1019,29;1004,90;1013,60
1017,74;1025,08;1017,74;1022,62
1019,55;1020,12;1012,97;1017,80
1019,17;1019,92;999,62;1011,77
1007,63;1007,77;987,91;990,23
1002,30;1016,65;1002,30;1010,37
1002,22;1011,13;999,63;1001,02
992,36;1003,14;986,27;1002,29
1009,31;1048,61;1009,31;1047,36
1054,41;1108,26;1051,77;1106,39
1127,59;1175,23;1112,96;1144,99
1140,43;1144,44;1124,69;1144,44
1131,67;1140,72;1119,52;1131,52
1150,69;1197,38;1150,69;1192,90
1217,09;1237,06;1173,58;1187,37
1151,57;1177,39;1147,90;1170,22
1165,08;1178,65;1146,38;1157,37
1157,21;1191,13;1154,15;1191,13
1215,01;1218,51;1178,47;1184,24
1175,75;1206,22;1172,82;1206,22
1221,07;1238,83;1204,74;1208,64
1226,43;1278,54;1226,37;1260,53
1268,48;1298,68;1246,54;1265,80
1235,52;1257,78;1228,56;1231,27
1235,12;1236,88;1210,52;1236,38
1243,53;1245,40;1220,18;1223,77
1219,51;1230,99;1218,91;1227,36
1234,33;1245,16;1212,19;1219,31
1210,15;1213,37;1197,40;1210,78
1212,68;1246,08;1204,72;1246,08
1241,67;1269,41;1236,78;1254,05
1258,03;1270,32;1231,09;1237,26
1255,16;1287,29;1251,89;1287,29
1310,91;1348,81;1310,91;1338,98
1340,77;1352,64;1324,89;1330,03
1322,43;1340,31;1314,23;1325,13
1334,71;1343,03;1305,32;1329,27
1318,79;1324,07;1306,34;1312,30
1302,94;1304,56;1273,15;1273,15
1258,61;1280,60;1238,32;1280,60
1286,35;1292,95;1260,97;1272,86
1270,68;1276,29;1260,84;1265,50
1259,79;1285,94;1258,96;1276,21
1274,35;1278,89;1258,38;1269,94
1267,77;1275,99;1258,57;1258,57
1258,02;1269,81;1251,80;1252,05
1237,85;1248,42;1224,21;1245,80
1254,91;1276,62;1252,28;1276,62
1292,41;1297,00;1262,36;1280,75
1296,65;1298,93;1280,86;1282,37
1268,60;1282,80;1259,76;1276,20
1258,23;1263,97;1235,67;1237,06
1222,20;1226,98;1194,93;1224,90
1224,67;1225,83;1212,11;1215,76
1213,19;1217,88;1177,74;1177,74
1161,41;1175,12;1146,30;1172,79
1170,24;1188,59;1167,34;1178,26
1171,47;1219,14;1169,65;1219,14
1213,87;1216,19;1197,61;1214,22
1203,37;1209,65;1198,92;1206,77
1193,29;1197,66;1183,75;1195,60
1198,41;1203,18;1193,16;1203,18
1198,83;1207,07;1194,92;1207,07
1204,18;1211,09;1201,04;1208,34
1202,03;1217,32;1200,32;1217,32
1223,25;1285,15;1223,25;1285,15
1298,53;1352,84;1298,53;1332,58
1324,93;1363,13;1314,67;1353,83
1334,73;1359,91;1331,47;1343,72
1338,14;1408,73;1334,14;1407,29
1390,19;1441,83;1386,84;1389,49
1391,97;1418,07;1375,15;1402,42
1379,62;1390,71;1367,86;1372,13
1356,10;1385,35;1352,70;1382,42
1377,56;1404,30;1372,98;1395,54
1419,89;1431,12;1410,14;1431,12
1434,15;1440,33;1412,78;1416,49
1406,42;1411,09;1392,55;1401,13
1396,83;1453,50;1395,62;1450,52
1448,32;1456,38;1438,03;1438,69
1435,15;1464,79;1434,18;1451,64
1448,05;1482,44;1443,06;1464,10
1483,61;1486,23;1420,45;1423,58
1417,83;1441,58;1415,02;1437,82
1419,05;1419,06;1397,71;1413,96
1428,63;1445,23;1425,77;1445,23
1454,33;1470,07;1419,58;1427,72
1405,81;1415,13;1397,61;1401,43
1383,54;1385,94;1362,99;1371,98
1377,62;1386,12;1359,83;1382,04
1362,63;1375,90;1353,28;1362,59
1350,70;1374,09;1349,91;1369,84
1382,44;1390,34;1371,12;1379,69
1384,07;1392,14;1364,58;1367,04
1365,09;1385,44;1359,16;1385,44
1390,56;1395,99;1376,88;1377,94
1371,75;1384,08;1369,83;1371,71
1370,12;1370,12;1353,79;1355,76
1348,91;1348,91;1332,95;1345,52
1341,14;1351,65;1330,96;1351,65
1362,84;1364,78;1338,25;1338,25
1327,92;1338,86;1327,77;1333,43
1338,03;1368,70;1335,87;1368,70
1385,45;1386,64;1374,33;1375,49
1372,48;1385,85;1370,21;1374,96
1368,60;1368,67;1350,55;1367,84
1356,05;1390,01;1351,71;1390,01
1416,96;1419,17;1392,65;1396,13
1401,59;1413,58;1374,45;1387,97
1387,37;1387,96;1370,42;1379,02
1386,72;1412,59;1385,93;1402,43
1408,27;1412,20;1401,71;1407,66
1400,85;1405,09;1378,54;1378,54
1366,54;1366,54;1345,76;1347,18
1339,19;1364,69;1336,81;1354,93
1357,97;1375,96;1357,02;1367,80
1365,21;1369,65;1359,14;1367,11
1364,28;1367,67;1342,89;1345,00
1337,34;1337,34;1309,68;1324,46
1318,04;1331,91;1311,23;1330,83
1326,02;1339,29;1325,62;1332,62
1335,67;1357,33;1333,36;1356,99
1361,45;1364,91;1322,41;1322,69
1312,70;1328,38;1305,96;1328,38
1327,78;1342,05;1327,78;1339,27
1343,68;1347,75;1339,05;1339,05
1338,01;1339,37;1319,67;1319,67
1314,08;1322,24;1299,32;1312,75
1308,71;1316,69;1305,83;1311,90
1311,88;1339,39;1311,28;1337,44
1329,18;1346,46;1324,73;1328,45
1343,53;1362,51;1332,83;1358,94
1351,77;1370,36;1351,56;1361,47
1365,65;1373,35;1351,11;1357,09
1354,75;1354,75;1328,24;1335,82
1332,53;1352,87;1316,33;1349,17
1349,85;1364,10;1349,85;1355,53
1360,36;1362,35;1338,50;1339,86
1338,83;1341,94;1323,24;1331,82
1324,53;1327,46;1310,40;1313,37
1303,09;1317,48;1297,16;1314,98
1316,92;1333,76;1313,51;1315,15
1309,87;1314,25;1303,25;1304,21
1296,95;1313,58;1288,99;1311,22
1309,59;1334,43;1309,59;1329,27
1327,61;1335,97;1323,17;1335,97
1329,82;1333,60;1314,22;1321,33
1313,50;1316,81;1305,48;1305,48
1307,62;1307,62;1294,02;1305,05
1301,15;1303,03;1282,63;1288,67
1296,69;1304,60;1281,54;1297,95
1310,53;1310,53;1294,47;1297,07
1294,65;1300,57;1284,61;1296,44
1294,26;1302,08;1294,26;1302,08
1296,99;1312,91;1296,99;1308,97
1304,45;1309,90;1293,87;1309,90
1304,12;1368,10;1304,12;1368,10
1391,95;1414,21;1380,38;1385,85
1381,73;1389,08;1371,49;1374,52
1361,75;1390,49;1357,04;1385,49
1378,82;1382,37;1367,59;1374,29
1366,43;1381,84;1365,67;1375,95
1379,47;1382,24;1365,79;1376,75
1369,10;1389,10;1369,10;1380,35
1383,00;1391,36;1367,80;1369,31
1371,80;1376,87;1369,66;1376,84
1375,54;1376,36;1365,16;1369,37
1363,15;1393,12;1361,18;1393,12
1382,50;1396,23;1374,04;1377,88
1377,27;1382,59;1370,60;1380,04
1381,35;1389,71;1372,56;1380,57
1363,35;1368,47;1354,10;1364,56
1358,55;1364,89;1355,83;1359,80
1355,88;1366,35;1352,54;1363,67
1359,72;1369,39;1356,92;1364,71
1366,03;1368,51;1351,84;1354,83
1348,72;1348,72;1318,23;1318,23
1319,92;1331,02;1315,75;1324,04
1321,78;1334,42;1315,40;1315,95
1298,85;1304,90;1278,18;1290,59
1287,16;1293,73;1278,89;1290,13
1284,14;1312,45;1279,34;1312,45
1308,46;1314,79;1280,89;1282,89
1288,24;1296,59;1257,48;1264,69
1209,34;1239,35;1209,34;1233,96
1241,40;1252,30;1233,41;1245,60
1251,02;1254,49;1216,16;1216,35
1207,40;1228,80;1204,32;1216,00
1215,29;1218,54;1183,76;1193,05
1173,68;1191,84;1160,94;1191,51
1201,25;1212,51;1182,17;1182,17
1191,59;1212,82;1184,64;1206,54
1214,05;1215,04;1203,08;1206,84
1210,84;1219,82;1210,01;1217,45
1219,54;1221,09;1192,47;1196,97
1187,74;1187,74;1166,25;1172,06
1188,07;1193,54;1169,84;1169,84
1160,68;1162,62;1150,86;1152,03
1153,87;1161,14;1138,26;1150,78
1157,73;1183,81;1156,57;1181,64
1187,53;1187,79;1148,55;1148,55
1134,46;1134,46;1116,22;1119,21
1098,94;1099,98;1079,39;1083,46
1107,51;1107,51;1075,19;1098,44
1083,78;1087,04;1061,63;1061,63
1088,93;1098,48;1035,80;1042,02
1044,02;1071,55;1026,65;1067,53
1056,30;1063,23;1040,40;1055,58
1071,02;1081,62;1050,59;1058,52
1061,35;1092,58;1057,84;1067,30
1078,27;1098,37;1078,27;1086,81
1082,33;1089,51;1073,77;1081,36
1070,13;1072,13;1058,91;1065,23
1047,41;1067,82;1045,59;1067,39
1073,37;1081,35;1050,96;1050,96
1057,93;1062,85;1044,35;1052,89
1059,00;1067,61;1051,56;1054,84
1053,59;1055,70;1045,53;1048,70
1061,91;1087,88;1052,20;1087,88
1079,86;1080,91;1068,23;1076,45
1087,85;1097,09;1081,23;1081,23
1084,46;1097,63;1082,93;1082,93
1091,64;1092,68;1071,11;1071,11
1072,87;1125,21;1068,46;1120,16
1134,99;1145,32;1118,75;1118,75
1117,84;1131,47;1115,91;1124,70
1132,56;1132,56;1121,61;1131,99
1131,93;1170,54;1131,93;1162,14
1151,13;1151,23;1124,80;1132,10
1125,90;1125,90;1106,29;1109,49
1114,25;1124,03;1113,84;1124,03
1124,63;1129,32;1118,08;1118,59
1099,02;1099,62;1066,38;1067,49
1062,90;1070,88;1029,57;1051,79
1056,85;1059,99;1038,48;1039,21
1043,77;1067,28;1041,06;1064,16
1063,11;1071,81;1057,93;1071,80
1083,55;1096,80;1083,37;1093,51
1095,98;1114,84;1084,47;1109,72
1103,83;1104,17;1077,88;1084,70
1069,50;1076,74;1065,18;1068,34
1064,84;1085,33;1064,75;1084,99
1106,74;1114,69;1090,26;1090,26
1080,15;1082,23;1066,44;1072,98
1073,51;1082,61;1066,77;1072,94
1082,55;1091,84;1075,52;1088,19
1097,17;1097,17;1075,93;1077,79
1072,73;1072,73;1045,62;1053,43
1051,63;1076,67;1050,99;1074,25
1077,52;1083,36;1065,90;1070,60
1067,63;1067,63;1051,22;1063,69
1049,40;1054,18;1039,79;1044,89
1043,29;1050,81;1038,02;1039,20
1055,05;1056,78;1041,03;1041,53
1041,97;1052,97;1031,44;1052,97
1053,01;1064,86;1050,26;1052,40
1042,64;1043,70;1034,75;1039,89
1044,86;1045,94;1037,67;1043,06
1044,04;1048,52;1042,32;1044,24
1057,16;1061,08;1046,00;1061,08
1074,75;1095,91;1074,75;1087,55
1088,52;1093,53;1077,36;1093,53
1107,36;1125,76;1105,33;1121,46
1117,90;1130,80;1105,37;1110,68
1115,97;1120,14;1102,17;1113,17
1112,88;1136,27;1112,88;1136,27
1132,70;1147,29;1125,72;1136,10
1145,07;1153,43;1139,74;1148,61
1154,46;1165,50;1139,78;1148,39
1151,63;1155,46;1134,81;1145,87
1142,96;1149,19;1137,64;1141,80
1149,58;1179,88;1148,75;1179,88
1179,83;1194,27;1175,67;1181,99
1175,24;1191,06;1169,76;1174,73
1174,19;1188,02;1171,15;1179,39
1195,44;1201,75;1185,88;1190,31
1187,86;1187,86;1164,53;1169,32
1172,64;1174,06;1143,06;1143,06
1144,77;1151,18;1134,97;1134,97
1134,59;1139,30;1126,94;1137,94
1138,73;1147,53;1134,53;1141,94
1140,74;1141,21;1131,01;1138,40
1143,98;1165,78;1143,98;1152,16
1156,29;1160,99;1141,43;1142,02
1140,35;1151,97;1140,12;1149,72
1147,97;1159,80;1145,78;1158,21
1160,03;1163,29;1152,28;1161,81
1168,77;1203,00;1168,77;1203,00
1211,46;1215,85;1191,48;1205,36
1208,88;1240,89;1201,95;1240,89
1232,25;1241,92;1223,82;1227,75
1221,16;1246,32;1217,02;1235,75
1237,44;1243,51;1231,52;1233,68
1234,71;1234,71;1219,00;1219,00
1219,00;1262,32;1218,92;1256,03
1248,11;1260,62;1244,55;1255,89
1244,98;1258,51;1229,90;1231,56
1234,86;1248,11;1234,86;1239,90
1239,14;1239,76;1214,87;1219,66
1216,63;1223,38;1209,13;1216,91
1206,50;1208,14;1192,27;1193,89
1194,67;1203,39;1182,15;1182,15
1194,19;1198,08;1184,99;1196,41
1195,82;1197,55;1185,64;1195,68
1198,78;1209,75;1197,80;1200,65
1208,05;1208,05;1193,81;1197,15
1193,30;1193,30;1160,25;1160,25
1162,94;1167,38;1146,64;1156,47
1156,67;1162,37;1149,59;1153,13
1154,92;1169,91;1154,92;1168,82
1168,95;1181,54;1168,95;1178,66
1179,29;1181,34;1171,55;1177,05
1174,81;1179,39;1171,56;1175,64
1171,99;1176,51;1160,70;1176,51
1199,12;1221,10;1195,57;1218,49
1225,60;1232,31;1211,49;1222,26
1224,44;1230,92;1216,17;1224,11
1213,99;1227,61;1207,75;1207,75
1208,08;1209,13;1190,14;1208,45
1209,01;1221,08;1201,60;1211,39
1220,65;1247,70;1220,49;1242,29
1240,08;1247,38;1229,30;1234,16
1232,70;1241,28;1232,45;1233,65
1223,65;1223,65;1207,86;1210,19
1193,54;1202,01;1188,97;1192,84
1191,60;1195,38;1184,97;1189,34
1192,56;1195,38;1166,29;1173,55
1169,29;1170,66;1151,74;1158,64
1165,07;1181,51;1159,19;1172,87
1171,48;1178,09;1140,44;1140,44
1120,67;1126,25;1104,23;1117,55
1116,34;1126,06;1111,58;1121,24
1105,14;1128,13;1096,09;1125,91
1128,88;1134,39;1111,40;1111,43
1104,33;1117,36;1104,33;1115,87
1122,26;1141,96;1122,26;1138,48
1135,86;1135,86;1112,96;1113,26
1109,20;1118,34;1107,18;1111,32
1105,86;1112,01;1090,35;1090,35
1084,56;1103,62;1083,92;1099,15
1098,05;1110,62;1097,02;1109,03
1118,00;1123,99;1112,18;1114,88
1109,30;1109,30;1100,90;1101,58
1098,76;1115,71;1096,30;1110,35
1110,32;1112,27;1100,84;1109,00
1128,73;1131,83;1120,32;1127,45
1128,17;1128,17;1116,17;1119,04
1114,66;1115,63;1104,98;1107,50
1106,53;1123,02;1105,25;1123,02
1117,52;1122,71;1115,54;1116,44
1113,96;1121,24;1105,48;1105,48
1102,36;1102,36;1083,50;1085,71
1088,38;1090,12;1079,93;1084,59
1083,83;1093,17;1082,42;1092,56
1092,38;1102,06;1090,72;1099,69
1095,37;1100,79;1089,68;1090,71
1088,68;1088,68;1069,69;1071,41
1064,91;1075,95;1062,72;1071,04
1067,95;1078,11;1067,09;1069,72
1070,01;1081,77;1067,16;1081,77
1087,73;1119,82;1087,73;1119,82
1110,61;1114,25;1099,17;1108,56
1105,55;1108,59;1091,23;1102,23
1108,64;1120,42;1108,64;1111,05
1117,67;1122,06;1102,96;1103,90
1097,10;1097,10;1079,53;1082,43
1090,73;1113,16;1090,73;1104,40
1100,23;1110,55;1098,43;1103,59
1108,26;1114,36;1106,00;1106,03
1117,89;1128,92;1115,81;1127,98
1125,74;1127,62;1118,19;1123,56
1112,73;1125,08;1109,86;1119,18
1124,42;1131,72;1118,77;1122,38
1119,83;1120,10;1112,11;1112,85
1114,21;1115,19;1104,11;1111,96
1099,47;1100,27;1087,05;1093,50
1098,17;1101,93;1092,06;1092,19
1102,34;1107,31;1097,65;1105,42
1113,94;1136,61;1109,42;1127,70
1130,78;1133,79;1124,28;1132,71
1150,34;1167,35;1150,34;1163,26
1160,11;1162,97;1150,13;1157,06
1156,40;1163,50;1146,62;1159,44
1156,55;1157,53;1139,64;1143,73
1146,73;1147,51;1136,26;1142,48
1138,94;1138,94;1122,07;1122,60
1131,74;1131,74;1115,99;1123,77
1127,69;1135,33;1114,63;1114,63
1114,03;1123,12;1111,26;1123,12
1114,91;1121,14;1113,05;1117,37
1122,55;1129,24;1122,32;1127,07
1123,11;1127,38;1107,85;1110,28
1106,00;1113,96;1105,44;1111,07
1104,15;1121,74;1103,31;1116,61
1120,69;1122,84;1103,85;1112,91
1109,48;1115,05;1090,56;1111,45
1111,37;1125,10;1109,49;1125,10
1134,77;1146,12;1134,77;1143,37
1142,55;1150,01;1136,73;1146,46
1139,52;1139,52;1126,43;1129,07
1130,13;1135,64;1127,29;1130,56
1131,96;1143,15;1130,39;1141,73
1143,95;1144,58;1131,46;1144,40
1142,73;1146,26;1134,36;1140,44
1136,83;1177,30;1135,29;1174,53
1173,03;1180,46;1159,42;1168,14
1165,01;1168,18;1161,32;1161,85
1159,83;1159,83;1146,09;1154,79
1152,53;1162,56;1149,84;1150,64
1151,66;1163,74;1148,30;1162,30
1163,34;1178,28;1162,10;1168,03
1168,85;1175,54;1164,12;1174,13
1176,51;1182,54;1172,30;1178,76
1172,73;1174,75;1160,76;1162,53
1170,38;1179,97;1168,08;1175,00
1174,65;1186,10;1172,74;1180,25
1178,97;1192,46;1176,56;1192,46
1194,94;1202,39;1187,26;1188,51
1191,90;1196,30;1187,78;1195,18
1195,07;1215,74;1195,07;1211,04
1210,83;1220,95;1209,25;1210,89
1212,78;1226,70;1212,21;1225,88
1223,11;1227,81;1212,61;1215,75
1213,67;1216,42;1207,99;1208,21
1205,64;1211,19;1202,88;1211,19
1212,18;1229,73;1212,18;1224,82
1222,77;1228,20;1220,16;1220,16
1210,74;1218,81;1205,06;1218,81
1223,21;1234,60;1223,11;1227,42
1227,32;1254,42;1227,32;1243,53
1243,86;1257,84;1243,33;1247,98
1240,69;1248,11;1239,63;1240,99
1230,06;1234,95;1225,80;1231,18
1231,11;1252,13;1231,01;1251,12
1249,12;1257,16;1248,60;1254,48
1255,34;1256,12;1242,90;1248,05
1242,24;1252,58;1241,31;1252,03
1242,96;1245,91;1227,90;1227,90
1233,10;1242,34;1230,75;1241,53
1245,03;1257,02;1243,57;1252,59
1247,58;1276,79;1244,33;1276,79
1282,90;1324,53;1280,48;1323,53
1320,85;1343,39;1309,16;1313,11
1295,72;1335,81;1295,72;1328,53
1323,39;1356,55;1321,45;1338,13
1333,57;1349,03;1333,57;1345,04
1354,89;1379,83;1354,89;1379,12
1383,32;1384,06;1362,17;1375,66
1372,73;1386,82;1359,56;1360,36
1346,77;1369,19;1345,42;1358,41
1353,36;1376,98;1353,36;1374,44
1379,23;1382,66;1365,07;1376,31
1373,87;1373,87;1353,99;1357,95
1356,82;1357,33;1329,88;1329,88
1332,08;1339,24;1324,17;1336,69
1331,33;1340,05;1319,37;1340,05
1353,63;1387,42;1353,29;1378,38
1384,60;1397,07;1382,16;1385,26
1387,63;1395,83;1373,28;1375,55
1376,67;1387,10;1363,50;1387,10
1384,29;1390,56;1376,88;1382,43
1377,85;1384,24;1364,69;1364,69
1365,16;1373,12;1361,16;1370,58
1360,71;1366,87;1357,87;1361,69
1358,93;1401,62;1353,90;1398,87
1408,13;1423,09;1394,56;1395,05
1400,51;1416,68;1397,30;1413,48
1426,18;1448,45;1421,04;1444,75
1454,99;1464,52;1435,27;1438,65
1440,58;1477,57;1439,58;1467,98
1475,63;1479,37;1453,72;1475,92
1476,76;1479,31;1462,76;1474,74
1471,72;1481,62;1466,34;1470,19
1472,58;1514,23;1472,58;1514,23
1521,37;1591,41;1521,37;1565,76
1552,98;1586,93;1542,07;1565,44
1576,99;1622,57;1576,99;1600,56
1626,73;1641,65;1593,06;1601,86
1596,84;1612,95;1579,13;1591,02
1614,07;1639,01;1612,76;1637,53
1668,99;1712,15;1661,37;1712,15
1735,28;1742,68;1689,07;1707,79
1703,04;1721,83;1683,23;1687,97
1660,81;1679,84;1644,17;1646,72
1629,05;1647,12;1595,55;1602,69
1607,65;1612,38;1560,80;1607,66
1614,17;1614,17;1561,08;1566,95
1551,94;1561,75;1513,67;1525,24
1508,08;1551,54;1508,08;1540,88
1561,54;1561,77;1512,20;1512,20
1518,38;1526,04;1503,37;1506,13
1514,84;1552,01;1509,07;1550,58
1582,75;1589,58;1538,37;1542,27
1533,71;1543,13;1528,72;1540,47
1548,35;1557,42;1528,55;1545,95
1534,32;1534,32;1491,41;1495,59
1491,60;1511,28;1479,09;1507,61
1519,61;1532,84;1505,91;1511,79
1496,38;1517,31;1495,44;1511,37
1521,15;1536,71;1516,96;1531,16
1545,81;1545,81;1515,98;1518,16
1498,46;1509,93;1477,25;1477,25
1478,26;1495,79;1477,22;1480,11
1499,90;1511,24;1491,35;1508,18
1519,37;1533,09;1504,86;1526,90
1533,36;1592,93;1531,09;1590,41
1606,97;1614,51;1572,37;1582,80
1601,80;1642,39;1601,21;1613,85
1614,41;1664,67;1609,24;1636,87
1634,86;1648,33;1615,37;1637,47
1659,27;1659,92;1624,74;1626,58
1622,40;1664,08;1610,59;1664,08
1677,00;1721,00;1675,30;1687,32
1686,68;1690,33;1632,89;1642,94
1642,10;1646,32;1596,55;1621,53
1613,21;1627,28;1610,19;1610,19
1611,56;1628,32;1561,81;1568,35
1556,85;1570,76;1528,52;1538,12
1509,77;1546,55;1507,00;1546,55
1537,43;1541,57;1520,27;1534,19
1538,29;1545,46;1507,86;1512,64
1520,98;1569,08;1498,56;1569,08
1588,99;1594,40;1551,74;1559,42
1568,08;1611,24;1559,92;1589,74
1584,36;1597,46;1582,01;1582,01
1596,48;1617,15;1567,89;1588,99
1583,36;1596,35;1553,60;1554,61
1560,42;1569,20;1541,11;1555,90
1556,15;1589,54;1547,85;1579,51
1586,88;1598,23;1571,96;1572,37
1570,12;1583,40;1560,19;1583,40
1592,32;1592,66;1555,63;1555,63
1570,10;1582,06;1552,03;1554,16
1559,67;1566,43;1552,31;1557,04
1535,07;1535,87;1502,22;1507,36
1506,65;1509,71;1480,91;1486,80
1466,49;1469,09;1448,83;1457,75
1467,73;1469,07;1409,34;1415,17
1425,22;1446,28;1409,60;1446,28
1459,40;1461,94;1438,69;1459,29
1469,99;1469,99;1428,28;1428,28
1430,42;1449,10;1426,98;1435,90
1440,42;1460,78;1436,20;1455,43
1459,11;1465,51;1441,95;1448,88
1462,82;1504,80;1462,78;1504,80
1510,74;1527,66;1496,07;1507,67
1504,09;1517,98;1485,06;1511,65
1504,95;1511,28;1478,54;1488,07
1479,99;1495,25;1472,76;1484,36
1476,00;1529,15;1472,69;1525,41
1537,32;1553,09;1529,72;1545,84
1529,68;1543,44;1520,55;1539,32
1543,47;1561,47;1539,61;1553,62
1571,46;1589,83;1567,64;1575,78
1594,59;1599,53;1570,84;1575,33
1563,61;1571,94;1551,37;1571,45
1566,01;1572,66;1554,53;1555,35
1551,22;1570,91;1550,21;1566,47
1566,95;1575,26;1552,27;1560,06
1561,31;1570,06;1559,41;1562,86
1565,38;1582,19;1562,01;1579,35
1581,84;1581,84;1567,50;1577,73
1582,91;1584,17;1571,44;1576,27
1573,34;1580,44;1571,11;1574,04
1576,62;1616,79;1576,19;1616,79
1623,49;1688,40;1623,49;1682,42
1683,98;1706,56;1665,24;1676,27
1673,34;1684,48;1655,48;1673,90
1690,64;1710,31;1662,54;1667,36
1669,56;1673,38;1644,22;1651,58
1646,01;1688,32;1629,25;1688,32
1681,65;1711,16;1672,71;1694,39
1686,80;1696,10;1653,48;1660,97
1650,23;1682,84;1639,95;1671,59
1686,77;1688,65;1650,84;1658,25
1663,68;1678,06;1655,98;1665,96
1670,31;1687,22;1661,75;1670,40
1674,57;1676,69;1651,53;1659,08
1663,15;1687,15;1650,14;1679,50
1679,56;1700,82;1667,34;1683,35
1678,40;1681,04;1669,12;1677,41
1686,04;1687,30;1673,57;1673,87
1651,83;1656,50;1617,86;1620,00
1596,84;1626,59;1590,25;1611,05
1621,89;1637,66;1604,19;1631,99
1637,72;1663,63;1636,02;1653,72
1656,10;1663,79;1632,26;1636,17
1626,06;1650,83;1622,87;1639,23
1647,24;1659,39;1636,57;1639,52
1640,96;1665,44;1640,96;1654,71
1675,44;1705,96;1669,02;1705,96
1720,16;1734,54;1703,16;1734,54
1731,17;1744,67;1715,64;1725,00
1729,02;1744,25;1727,88;1737,36
1751,53;1756,88;1718,84;1728,89
1720,98;1745,78;1720,53;1743,14
1757,51;1759,60;1739,84;1747,30
1746,65;1756,16;1739,83;1746,54
1735,78;1744,71;1715,72;1720,47
1710,69;1730,58;1705,10;1730,58
1724,64;1732,03;1708,54;1710,39
1700,28;1702,15;1664,91;1668,21
1670,94;1681,05;1659,98;1675,26
1687,37;1706,19;1676,23;1678,99
1686,42;1730,10;1684,37;1730,10
1762,11;1783,13;1736,53;1783,13
1790,57;1791,98;1766,84;1777,87
1769,69;1778,11;1758,95;1767,81
1773,59;1773,79;1751,46;1761,09
1764,66;1797,54;1764,19;1781,03
1787,38;1819,90;1784,05;1815,32
1801,26;1803,29;1769,27;1774,04
1754,56;1787,31;1751,63;1780,28
1741,50;1752,76;1728,05;1746,08
1737,38;1765,07;1734,97;1759,52
1755,82;1755,82;1724,45;1724,45
1733,65;1748,07;1720,68;1747,21
1761,28;1767,36;1746,81;1760,42
1751,28;1753,93;1719,92;1725,35
1724,74;1733,06;1694,14;1709,17
1701,18;1716,93;1700,18;1707,16
1718,08;1735,00;1714,49;1733,02
1740,11;1747,19;1726,24;1731,90
1731,01;1757,90;1726,54;1752,37
1761,08;1768,83;1752,05;1752,05
1751,61;1782,90;1748,80;1765,16
1769,60;1783,67;1764,79;1777,91
1771,94;1771,94;1749,42;1762,37
1758,92;1770,08;1752,51;1761,47
1779,30;1817,78;1778,00;1806,18
1806,40;1822,44;1802,05;1820,78
1813,28;1833,15;1812,82;1819,36
1812,49;1828,01;1808,40;1808,40
1807,43;1832,77;1806,43;1827,35
1838,35;1874,97;1837,65;1869,68
1852,47;1859,03;1840,45;1848,37
1855,93;1863,12;1849,05;1858,75
1850,86;1856,50;1837,08;1843,07
1856,90;1862,16;1831,42;1834,05
1847,20;1850,81;1836,11;1850,59
1839,01;1854,61;1831,38;1842,09
1835,67;1835,85;1778,56;1785,76
1803,35;1810,17;1794,45;1795,53
1786,28;1805,36;1784,26;1790,97
1793,65;1800,25;1770,89;1791,31
1787,57;1796,84;1782,54;1784,74
1768,56;1771,44;1739,41;1748,64
1758,59;1766,05;1745,75;1757,00
1759,07;1782,89;1756,74;1767,60
1773,71;1781,84;1731,43;1735,58
1742,00;1742,00;1707,91;1722,08
1728,31;1735,71;1699,65;1704,28
1665,67;1675,65;1649,23;1655,88
1663,31;1668,13;1621,89;1631,21
1631,46;1660,92;1627,81;1646,52
1657,71;1664,28;1608,18;1612,70
1628,76;1636,42;1623,51;1624,51
1601,19;1642,41;1599,64;1631,79
1653,26;1656,49;1640,50;1646,47
1662,30;1674,80;1657,10;1667,38
1656,45;1674,99;1652,94;1668,54
1671,78;1697,11;1667,31;1667,31
1676,11;1690,30;1659,82;1665,48
1657,97;1668,91;1627,29;1635,67
1649,78;1673,13;1645,11;1668,90
1681,42;1694,38;1671,34;1676,25
1675,98;1688,49;1671,75;1688,11
1695,59;1700,23;1682,45;1690,71
1676,51;1682,45;1667,29;1682,45
1687,66;1717,43;1687,16;1701,95
1697,76;1697,99;1681,34;1693,52
1692,91;1696,95;1673,72;1678,76
1690,98;1702,13;1681,91;1692,38
1699,93;1704,79;1690,60;1690,60
1692,87;1696,40;1665,41;1670,24
1662,51;1672,76;1660,83;1672,15
1647,39;1654,63;1640,85;1646,65
1645,90;1658,50;1641,13;1658,50
1662,10;1665,94;1646,06;1650,53
1649,62;1654,99;1635,11;1642,13
1636,98;1661,65;1635,43;1645,04
1648,68;1684,38;1647,55;1684,38
1678,21;1688,02;1677,98;1680,55
1686,07;1703,80;1685,23;1697,97
1711,97;1713,11;1696,57;1700,96
1704,26;1716,40;1694,18;1716,40
1717,62;1729,36;1714,27;1727,64
1719,68;1735,64;1714,93;1735,64
1734,79;1736,03;1721,60;1726,83
1723,40;1726,13;1713,57;1717,07
1707,68;1708,79;1688,90;1701,25
1692,37;1704,89;1690,33;1702,27
1692,82;1702,62;1687,97;1692,80
1692,40;1705,75;1692,16;1701,63
1698,67;1710,30;1691,77;1709,20
1708,40;1715,02;1701,33;1712,17
1715,49;1718,86;1698,43;1704,46
1705,75;1709,24;1677,85;1683,54
1673,69;1677,97;1663,46;1668,68
1669,38;1680,25;1651,60;1651,60
1656,99;1682,66;1640,77;1682,66
1684,67;1698,19;1677,73;1690,38
1686,15;1701,38;1685,99;1697,18
1709,03;1724,48;1707,05;1717,11
1709,15;1711,45;1691,26;1694,81
1699,69;1709,92;1692,98;1696,75
1697,85;1708,04;1693,87;1697,65
1698,30;1698,30;1680,08;1692,16
1697,16;1697,48;1666,99;1672,16
1676,28;1676,28;1661,45;1671,98
1675,65;1677,90;1666,27;1675,06
1667,30;1677,71;1666,22;1673,79
1676,75;1690,98;1671,99;1687,04
1684,75;1700,27;1683,35;1692,44
1700,03;1710,07;1695,37;1704,88
1695,38;1696,56;1673,50;1680,22
1665,96;1676,14;1648,69;1663,57
1662,19;1674,80;1658,17;1668,83
1671,11;1671,95;1639,80;1643,24
1645,68;1657,32;1643,95;1651,86
1652,70;1663,13;1639,77;1651,93
1651,69;1666,06;1650,70;1654,75
1652,16;1681,55;1650,86;1675,22
1677,63;1692,52;1675,54;1688,58
1696,83;1702,60;1689,23;1693,84
1693,18;1703,84;1689,53;1700,55
1701,21;1709,79;1698,35;1702,77
1703,79;1726,93;1698,91;1726,93
1723,89;1730,10;1701,03;1702,79
1705,96;1705,96;1692,66;1701,50
1701,65;1719,74;1699,26;1719,74
1712,14;1722,04;1707,65;1714,25
1708,69;1732,15;1704,65;1725,18
1725,21;1741,87;1709,93;1730,87
1731,81;1747,80;1725,02;1734,51
1738,83;1747,60;1734,95;1738,64
1741,48;1751,52;1738,68;1751,06
1752,10;1778,90;1751,38;1776,75
1773,49;1789,28;1769,27;1781,75
1768,67;1776,08;1763,25;1773,26
1775,68;1796,50;1775,53;1785,15
1785,87;1806,31;1782,33;1797,20
1795,75;1807,28;1786,37;1800,28
1785,60;1814,93;1777,44;1811,11
1815,36;1817,82;1804,15;1807,79
1809,67;1839,58;1809,03;1819,70
1816,45;1825,24;1804,69;1812,95
1821,61;1832,03;1804,98;1812,81
1807,16;1812,04;1794,61;1808,69
1795,92;1800,82;1790,19;1798,96
1793,49;1802,92;1777,64;1781,82
1770,97;1792,86;1766,69;1789,48
1782,94;1809,90;1781,35;1800,15
1801,88;1809,56;1792,27;1802,99
1803,21;1816,61;1800,03;1807,15
1798,93;1811,68;1791,62;1807,47
1828,55;1846,07;1821,38;1841,66
1849,05;1866,55;1846,05;1848,27
1844,98;1856,68;1831,11;1853,54
1861,79;1862,13;1835,22;1852,60
1839,38;1850,22;1821,81;1824,11
1816,49;1832,79;1806,90;1829,48
1820,72;1826,19;1777,08;1779,75
1780,76;1790,87;1767,94;1780,95
1757,30;1780,47;1752,79;1760,22
1762,87;1779,96;1760,11;1773,52
1772,88;1778,52;1753,42;1761,58
1770,32;1801,83;1770,25;1801,00
1793,75;1798,14;1780,79;1793,13
1790,80;1798,31;1783,56;1796,32
1789,33;1809,84;1784,35;1801,43
1781,59;1782,39;1769,91;1778,43
1784,08;1792,52;1774,64;1785,35
1785,32;1795,53;1779,35;1792,27
1810,59;1813,84;1774,54;1786,56
1788,15;1823,13;1788,15;1819,31
1836,72;1858,03;1831,76;1848,10
1852,91;1856,15;1824,52;1830,48
1827,71;1845,74;1811,90;1824,85
1818,41;1827,57;1802,15;1810,68
1818,30;1820,02;1791,55;1795,69
1803,54;1836,63;1789,51;1833,88
1835,15;1840,57;1818,90;1833,29
1851,32;1871,88;1838,03;1844,33
1853,93;1854,95;1815,27;1819,93
1817,46;1821,78;1798,36;1812,92
1818,38;1838,13;1816,15;1823,77
1831,14;1837,49;1814,53;1829,08
1833,04;1840,09;1825,12;1828,93
1813,93;1821,46;1800,75;1812,33
1817,06;1822,88;1794,41;1796,53
1796,40;1804,04;1777,20;1797,45
1798,01;1822,99;1793,10;1822,99
1827,44;1832,16;1817,41;1832,16
1833,91;1844,49;1827,44;1831,11
1825,66;1840,74;1820,46;1840,74
1840,43;1860,88;1832,18;1860,88
1873,57;1907,51;1863,42;1907,51
1908,86;1912,41;1888,69;1900,10
1890,88;1893,41;1878,95;1891,56
1889,93;1904,46;1882,43;1904,46
1896,70;1904,62;1886,65;1887,68
1884,76;1885,11;1863,85;1871,35
1874,41;1883,35;1864,10;1864,10
1866,46;1879,12;1849,55;1872,63
1875,58;1888,79;1866,08;1871,74
1873,15;1889,08;1871,46;1889,08
1890,85;1922,19;1886,43;1922,19
1926,42;1932,10;1911,56;1924,16
1930,69;1954,15;1928,44;1951,08
1948,66;1950,65;1931,52;1944,02
1941,46;1954,49;1912,44;1928,87
1924,52;1933,45;1909,04;1909,04
1907,36;1918,52;1900,72;1918,52
1916,97;1922,71;1907,85;1922,01
1921,94;1921,94;1904,15;1912,02
1913,79;1947,80;1910,52;1947,80
1946,76;1959,64;1946,76;1956,88
1959,37;1966,04;1956,23;1960,57
1962,85;1988,66;1960,22;1966,69
1954,60;1962,09;1939,48;1954,80
1929,02;1931,34;1910,33;1910,33
1900,10;1914,81;1891,46;1897,29
1902,39;1909,77;1884,41;1903,83
1902,29;1903,29;1882,68;1889,81
1896,21;1901,30;1877,12;1877,82
1883,44;1896,86;1881,58;1885,80
1898,56;1902,57;1888,10;1890,18
1887,58;1892,24;1878,38;1890,03
1898,87;1899,14;1879,84;1893,39
1873,34;1883,37;1841,93;1844,02
1835,06;1857,15;1826,76;1845,48
1830,64;1852,71;1824,82;1840,71
1833,79;1842,58;1826,76;1832,12
1818,40;1833,64;1807,72;1832,79
1837,97;1860,93;1836,83;1851,06
1856,03;1866,08;1849,24;1861,93
1863,22;1877,94;1855,50;1863,92
1867,94;1882,52;1860,96;1872,20
1877,68;1893,50;1870,38;1887,41
1885,37;1918,42;1883,34;1916,14
1917,30;1920,27;1902,53;1903,36
1904,24;1923,05;1904,24;1910,72
1911,03;1935,65;1911,03;1935,65
1946,49;1966,72;1938,53;1966,72
1963,05;1973,04;1954,61;1963,48
1952,30;1962,94;1939,57;1951,05
1947,42;1981,87;1943,82;1967,09
1973,19;1977,98;1962,22;1964,42
1968,14;1980,32;1960,81;1960,81
1954,74;1976,17;1953,33;1973,93
1976,36;2028,76;1975,44;2021,15
2035,09;2058,98;2033,59;2045,06
2035,06;2085,37;2028,58;2045,66
2037,35;2086,18;2035,60;2076,89
2081,75;2087,67;2044,02;2062,32
2038,67;2055,58;2030,26;2054,25
2065,11;2079,59;2060,00;2075,98
2105,10;2124,33;2098,24;2118,49
2128,33;2131,40;2085,73;2092,33
2081,84;2096,41;2053,38;2088,80
2057,87;2072,22;2015,14;2015,14
2012,76;2039,31;2012,38;2028,54
2044,75;2055,03;2028,49;2052,94
2062,75;2088,27;2045,50;2063,67
2055,08;2072,68;2042,19;2053,34
2057,48;2101,39;2057,48;2092,51
2085,90;2086,44;2055,42;2065,11
2061,12;2062,68;2026,80;2033,63
2029,37;2031,38;2005,73;2011,62
2017,32;2031,36;2010,00;2013,09
1991,62;1993,14;1951,35;1963,92
1957,06;1970,82;1945,19;1951,88
1965,10;1978,84;1963,74;1970,17
1976,86;1983,39;1927,70;1932,68
1935,69;1970,01;1933,79;1970,01
1939,50;1969,45;1933,65;1964,36
1979,38;1983,89;1965,32;1968,88
1970,67;1970,67;1948,84;1969,73
1969,88;1987,28;1963,24;1979,56
1994,59;2009,98;1981,49;1998,33
2005,55;2024,04;1988,63;1988,63
1995,14;2008,20;1974,46;1985,40
1983,31;2007,49;1978,34;1998,97
1995,59;2015,92;1991,28;2015,92
2017,19;2022,09;1984,47;1991,34
1974,93;1995,72;1967,73;1994,95
1994,09;1999,17;1986,39;1992,16
1997,69;2008,73;1984,50;1985,67
1969,26;1976,16;1956,14;1965,18
1950,88;1956,58;1937,93;1952,43
1922,01;1925,39;1897,99;1909,01
1914,19;1918,03;1902,12;1909,59
1914,11;1920,40;1890,24;1890,24
1895,45;1918,36;1895,45;1918,36
1931,64;1940,55;1928,63;1931,42
1931,39;1944,09;1926,15;1932,33
1932,39;1932,39;1906,95;1911,65
1903,36;1903,56;1867,18;1876,53
1871,28;1878,72;1852,57;1855,22
1864,63;1876,12;1854,30;1858,99
1866,61;1870,27;1861,36;1861,36
1871,05;1882,34;1854,93;1862,15
1880,51;1895,72;1867,69;1873,27
1882,53;1885,10;1855,68;1874,04
1876,17;1880,49;1860,43;1868,84
1875,12;1876,01;1832,58;1837,10
1816,74;1845,67;1815,48;1836,70
1847,10;1860,41;1840,80;1846,48
1835,83;1847,35;1824,08;1828,23
1830,33;1831,86;1815,81;1824,99
1824,48;1831,92;1809,02;1830,63
1840,17;1869,69;1836,67;1868,00
1881,35;1886,60;1872,28;1876,38
1874,51;1896,48;1872,68;1884,68
1884,57;1887,24;1872,47;1883,63
1884,70;1884,70;1860,37;1873,87
1875,11;1882,72;1871,42;1876,47
1888,00;1915,07;1888,00;1915,07
1918,87;1927,26;1911,88;1918,47
1913,70;1924,03;1910,31;1917,09
1903,20;1910,07;1888,29;1894,83
1902,38;1929,93;1901,64;1921,63
1933,91;1947,54;1928,99;1940,17
1938,96;1969,70;1935,10;1969,51
1976,09;1983,17;1959,44;1979,90
1968,43;1982,89;1964,08;1972,93
1969,42;1984,35;1963,54;1983,21
1988,44;1998,52;1988,03;1989,72
1980,78;2013,19;1978,05;2002,78
2006,14;2011,69;1971,28;1980,95
1978,97;2011,39;1978,97;2011,39
2018,70;2023,95;2004,75;2010,40
2009,47;2031,32;2009,24;2029,99
2027,30;2046,41;2027,30;2031,84
2036,03;2041,71;2029,35;2034,51
2034,07;2069,79;2034,07;2065,87
2079,13;2081,69;2043,52;2056,27
2035,14;2042,25;2020,69;2031,67
2025,76;2025,76;2008,40;2016,60
2017,31;2032,82;2016,71;2029,62
2036,08;2038,58;2023,94;2025,37
2021,91;2053,17;2019,23;2047,30
2042,79;2071,02;2041,28;2068,70
2072,86;2090,57;2071,39;2088,81
2089,52;2103,72;2068,44;2075,62
2063,66;2082,25;2063,66;2078,51
2066,42;2068,81;2014,33;2049,76
2057,01;2080,32;2057,01;2077,18
2089,81;2098,11;2066,42;2075,51
2076,46;2107,02;2068,16;2106,26
2105,34;2132,01;2099,82;2127,10
2133,29;2138,75;2122,83;2131,30
2125,57;2136,24;2121,29;2124,25
2121,73;2138,53;2107,65;2107,65
2109,58;2121,73;2100,12;2119,35
2128,44;2153,09;2128,44;2138,96
2151,25;2152,22;2126,91;2126,91
2127,77;2132,36;2096,62;2111,05
2121,01;2135,86;2112,26;2129,64
2136,90;2157,80;2129,24;2144,09
2155,70;2169,33;2139,98;2164,65
2155,58;2183,75;2155,36;2183,75
2187,23;2210,41;2187,23;2202,53
2198,74;2224,01;2198,49;2223,30
2237,15;2274,72;2237,15;2269,59
2260,73;2264,05;2228,91;2234,64
2220,81;2244,87;2208,29;2238,88
2235,36;2256,32;2234,05;2238,65
2243,89;2283,95;2240,54;2276,24
2282,14;2288,74;2257,01;2272,85
2273,37;2287,79;2239,68;2248,62
2246,71;2262,86;2235,99;2243,57
2225,20;2238,39;2221,64;2227,47
2242,50;2258,46;2234,79;2252,76
2241,88;2244,96;2219,69;2228,99
2218,90;2223,94;2187,96;2198,55
2199,10;2202,63;2186,03;2198,05
2199,87;2216,51;2197,84;2210,78
2211,12;2212,11;2192,13;2212,11
2208,42;2227,69;2207,67;2210,69
2201,93;2217,80;2196,84;2205,29
2207,10;2235,84;2205,91;2230,46
2228,35;2246,53;2225,91;2245,30
2249,40;2273,77;2248,03;2268,87
2288,98;2296,37;2264,15;2271,85
2284,45;2332,73;2284,21;2321,28
2332,77;2354,07;2315,57;2328,01
2321,72;2333,18;2307,38;2307,38
2306,81;2324,82;2305,91;2324,82
2329,65;2334,06;2300,21;2325,92
2322,56;2326,09;2308,67;2311,00
2319,00;2350,02;2319,00;2345,36
2356,68;2379,55;2350,43;2379,55
2396,46;2401,45;2376,95;2376,95
2369,29;2384,84;2358,31;2384,84
2379,16;2435,25;2378,25;2423,38
2438,72;2463,02;2430,58;2453,63
2460,56;2512,59;2450,02;2507,41
2542,76;2551,13;2464,86;2497,64
2482,63;2487,51;2460,52;2476,24
2470,96;2494,69;2466,97;2473,77
2472,02;2472,84;2425,49;2456,56
2445,74;2493,72;2427,91;2486,45
2495,46;2526,10;2483,31;2514,84
2531,69;2540,71;2474,65;2482,69
2478,22;2497,61;2468,80;2484,42
2502,37;2518,73;2485,74;2518,73
2525,56;2564,88;2496,53;2564,88
2571,80;2573,41;2550,51;2554,79
2524,53;2534,00;2503,02;2508,90
2464,64;2470,14;2406,80;2418,65
2407,52;2427,69;2390,78;2421,12
2431,81;2458,60;2419,16;2419,70
2434,40;2462,03;2434,40;2460,08
2454,37;2457,23;2423,03;2432,18
2419,42;2419,42;2334,35;2336,38
2321,35;2342,00;2293,40;2318,77
2341,43;2363,00;2336,93;2338,46
2364,77;2376,20;2328,14;2346,82
2300,48;2307,92;2278,13;2293,23
2333,29;2341,99;2317,73;2334,17
2324,18;2338,45;2312,07;2323,23
2322,77;2357,95;2322,77;2339,41
2353,27;2372,36;2344,46;2360,77
2373,50;2380,10;2310,39;2340,24
2291,66;2307,86;2285,16;2302,53
2283,72;2320,37;2273,49;2316,55
2334,19;2361,58;2329,71;2339,28
2381,51;2415,79;2370,58;2415,79
2430,14;2458,49;2409,76;2452,65
2455,00;2468,59;2436,18;2468,59
2454,50;2459,42;2426,46;2459,42
2448,72;2453,94;2435,50;2443,07
2439,49;2449,06;2433,28;2447,31
2459,71;2466,05;2422,35;2440,67
2473,92;2478,10;2429,44;2451,93
2463,50;2463,53;2431,50;2444,58
2451,25;2475,40;2426,63;2446,70
2461,27;2502,75;2457,78;2501,28
2526,18;2530,62;2492,28;2500,37
2510,52;2511,84;2471,61;2471,61
2492,05;2493,61;2447,57;2452,20
2456,44;2476,62;2444,32;2466,47
2476,55;2479,49;2459,25;2467,49
2481,92;2481,92;2460,24;2479,97
2501,11;2521,96;2489,01;2504,79
2496,19;2511,87;2481,80;2511,87
2502,62;2534,78;2494,92;2525,39
2529,32;2546,72;2526,99;2539,80
2570,70;2581,72;2542,54;2581,72
2584,63;2599,54;2566,05;2570,98
2572,64;2574,92;2531,92;2546,78
2549,82;2573,20;2542,71;2569,45
2556,58;2570,82;2555,04;2564,56
2570,05;2571,65;2539,51;2558,19
2564,43;2583,98;2561,35;2572,49
2572,68;2586,12;2566,23;2566,23
2570,98;2610,89;2564,97;2601,96
2606,59;2620,63;2583,71;2583,71
2587,41;2608,47;2574,50;2596,16
2602,05;2614,27;2596,06;2604,88
2602,01;2656,88;2596,72;2642,61
2647,79;2659,79;2636,43;2648,08
2652,12;2655,61;2633,46;2641,33
2640,68;2665,65;2639,09;2662,32
2658,27;2699,07;2657,39;2699,07
2702,49;2702,61;2673,16;2683,29
2691,04;2701,65;2681,63;2693,75
2683,60;2683,89;2644,05;2654,95
2640,23;2694,92;2627,03;2694,92
2703,19;2764,89;2698,59;2749,46
2787,66;2829,38;2772,89;2829,38
2831,74;2838,86;2810,95;2825,71
2833,00;2877,29;2811,50;2854,25
2887,52;2918,95;2835,53;2835,53
2834,93;2845,96;2797,09;2797,09
2829,32;2864,83;2820,02;2850,35
2844,72;2845,49;2815,25;2833,16
2791,20;2798,65;2776,01;2785,54
2779,91;2839,08;2774,21;2835,21
2831,47;2846,48;2814,83;2831,09
2771,30;2812,30;2768,70;2808,80
2828,37;2904,99;2825,81;2886,48
2899,69;2921,54;2894,42;2909,77
2865,54;2915,91;2848,65;2903,69
2919,75;2940,71;2886,27;2907,05
2944,21;2961,50;2924,51;2953,72
2975,73;2975,73;2916,69;2923,61
2940,60;2954,02;2896,19;2937,66
2937,05;2950,59;2917,04;2937,92
2918,12;2918,12;2803,86;2804,92
2763,48;2825,97;2759,32;2823,09
2847,90;2852,29;2809,80;2819,26
2803,47;2812,35;2753,78;2760,65
2779,00;2839,90;2779,00;2837,48
2850,59;2856,27;2810,40;2852,57
2815,92;2842,88;2781,49;2828,54
2850,05;2863,19;2833,47;2840,24
2829,28;2837,79;2784,92;2791,75
2760,01;2800,51;2759,33;2768,02
2793,97;2807,55;2778,70;2790,37
2807,56;2813,91;2785,35;2813,91
2813,92;2820,01;2762,93;2762,93
2777,45;2861,90;2769,20;2859,61
2878,52;2920,69;2867,44;2906,41
2914,71;2916,64;2881,65;2897,71
2900,61;2912,28;2881,41;2896,04
2896,02;2913,41;2889,31;2899,80
2903,81;2941,49;2896,20;2941,38
2952,93;2965,57;2929,46;2955,74
2889,23;2925,64;2816,42;2836,51
2858,82;2882,72;2839,46;2876,12
2888,22;2913,50;2867,44;2904,62
2914,16;2919,02;2845,72;2886,51
2889,23;2908,82;2867,66;2908,82
2886,99;2886,99;2800,51;2842,63
2834,74;2840,20;2754,93;2769,73
2788,91;2803,19;2755,55;2776,08
2775,60;2781,51;2718,94;2757,95
2771,66;2779,32;2734,58;2759,41
2745,68;2745,68;2717,97;2727,77
2760,27;2793,91;2759,46;2773,21
2789,61;2834,50;2781,62;2833,52
2853,22;2884,35;2831,34;2831,34
2835,95;2852,57;2820,73;2826,05
2816,55;2827,71;2796,63;2806,52
2780,23;2800,96;2763,91;2791,97
2804,59;2837,46;2804,59;2836,91
2858,26;2874,58;2844,41;2847,82
2853,23;2874,58;2849,40;2874,58
2873,01;2873,88;2830,39;2830,39
2808,45;2827,22;2774,39;2827,22
2853,74;2883,49;2850,83;2864,53
2869,05;2878,44;2840,85;2864,83
2862,56;2912,05;2859,69;2912,05
2908,56;2918,07;2886,90;2918,07
2930,92;2950,96;2898,11;2899,24
2930,10;2935,47;2906,57;2921,21
2940,02;2988,31;2937,70;2974,21
2980,87;2997,45;2964,04;2987,89
2983,37;3002,45;2954,05;2970,61
2951,57;2998,18;2946,72;2998,18
3005,50;3043,76;3005,08;3023,69
3052,70;3098,58;3051,11;3081,25
3127,82;3131,23;3058,90;3070,81
3079,03;3149,33;3054,20;3149,33
3108,12;3209,22;3086,31;3185,67
3182,17;3241,58;3177,51;3229,22
3222,37;3231,37;3182,90;3220,83
3242,55;3262,83;3198,61;3262,83
3273,06;3274,66;3140,37;3167,13
3156,71;3198,16;3149,32;3193,27
3185,56;3208,73;3180,93;3186,50
3205,93;3258,36;3193,04;3254,10
3287,47;3298,37;3235,42;3282,02
3330,28;3342,11;3291,83;3327,19
3307,08;3309,17;3259,91;3265,93
3283,91;3290,60;3246,97;3252,48
3286,01;3348,81;3273,04;3347,83
3309,82;3321,32;3273,26;3298,03
3255,96;3263,79;3169,06;3180,28
3130,99;3173,19;3091,06;3163,02
3179,92;3200,89;3059,75;3065,42
3021,56;3074,33;2995,43;3052,59
3077,13;3090,38;3009,96;3031,52
2997,61;3000,56;2852,53;2862,68
2852,30;2931,18;2750,18;2913,11
2876,47;2926,51;2778,24;2794,06
2789,96;2863,32;2711,55;2843,49
2901,63;2913,09;2868,30;2880,16
2916,87;2929,06;2859,49;2867,85
2838,55;2843,64;2788,50;2827,39
2761,72;2853,69;2755,36;2812,26
2844,03;2858,45;2813,82;2837,98
2884,59;2926,33;2878,32;2912,81
2902,43;2963,90;2893,44;2933,68
2886,98;2909,00;2848,47;2855,91
2873,39;2877,35;2821,53;2849,59
2776,76;2788,90;2740,22;2777,33
2798,91;2814,27;2720,88;2736,85
2712,74;2712,74;2610,18;2641,02
2524,50;2574,89;2449,79;2545,87
2554,72;2571,51;2474,28;2536,93
2658,22;2669,26;2553,32;2553,32
2591,92;2623,66;2566,73;2622,40
2590,58;2649,70;2585,34;2619,38
2626,12;2650,25;2583,50;2632,24
2681,96;2694,53;2606,03;2606,03
2611,40;2623,31;2578,02;2619,05
2614,70;2665,20;2614,70;2665,20
2682,45;2801,54;2677,68;2795,00
2750,57;2850,48;2746,58;2850,48
2858,78;2884,41;2823,64;2842,29
2924,64;2933,77;2872,90;2889,67
2901,84;2920,81;2858,39;2895,66
2899,24;2928,86;2890,81;2910,84
2878,90;2892,26;2833,93;2845,06
2845,32;2935,92;2832,29;2935,92
2937,53;3015,78;2920,33;3004,64
2939,87;3074,78;2939,87;3046,17
3053,12;3085,01;3008,37;3015,50
3053,26;3110,65;3042,61;3066,26
3042,68;3047,26;2916,44;2930,50
2863,66;2946,14;2863,66;2919,45
2923,07;2929,51;2858,21;2866,86
2866,20;2932,09;2866,20;2917,75
2923,32;2941,90;2897,49;2934,78
3001,93;3052,80;2992,99;3045,11
3018,58;3049,41;3008,85;3024,01
3013,60;3043,81;3003,42;3035,74
3054,05;3086,71;3030,34;3059,43
3058,63;3087,78;3038,36;3075,32
3110,64;3186,32;3099,05;3186,32
3176,80;3206,38;3150,42;3191,30
3196,54;3224,68;3164,57;3191,25
3209,76;3212,72;3124,35;3126,34
3128,10;3140,45;3062,00;3097,77
3099,03;3099,03;2987,50;2995,47
3010,47;3047,79;2974,26;3036,78
3008,88;3023,79;2951,47;3005,78
3012,77;3026,34;2981,62;2998,53
3019,82;3076,66;2992,50;3070,78
3049,72;3050,56;2978,84;3004,83
3033,62;3053,38;2917,38;2917,38
2936,96;2945,41;2908,79;2937,03
2976,87;2996,98;2951,63;2979,21
2986,70;2993,63;2937,07;2947,12
2933,98;2968,15;2925,17;2962,37
2961,09;2991,84;2946,51;2965,56
2995,41;3000,52;2968,14;2989,22
2990,15;2999,67;2973,13;2988,14
2966,74;2978,30;2926,36;2934,91
2946,59;2957,99;2882,25;2905,33
2888,41;2906,13;2862,83;2891,17
2910,54;2977,89;2910,54;2963,76
2972,82;3018,72;2970,51;3001,61
3021,97;3031,32;2956,38;2961,40
2964,32;2982,64;2952,74;2970,90
2999,45;3095,77;2987,47;3087,07
3086,05;3113,96;3062,35;3103,45
3096,98;3099,47;3043,43;3066,87
3044,22;3044,22;3005,12;3024,19
3032,55;3041,15;2980,04;2996,65
2963,27;2988,97;2929,04;2967,20
2965,03;3014,62;2938,27;3014,62
3025,14;3057,25;3023,84;3044,06
3052,55;3061,14;2999,42;3009,67
2991,31;3003,11;2973,38;3003,11
3022,91;3052,56;2996,18;3035,94
3030,10;3031,75;2994,19;3009,51
2990,04;2994,87;2946,18;2962,07
2954,43;2978,05;2935,87;2942,47
2910,06;2936,49;2884,25;2914,20
2936,11;2943,32;2913,73;2939,04
2957,84;2964,96;2934,49;2946,06
2963,22;2963,73;2905,37;2923,72
2925,86;2969,32;2925,46;2949,13
2960,47;2964,04;2915,72;2918,83
2940,01;2940,45;2896,08;2931,50
2913,70;2940,57;2904,56;2916,21
2903,41;2945,05;2891,32;2937,03
2980,41;2998,26;2979,79;2995,62
2992,16;3007,89;2980,20;2990,80
2986,33;3029,53;2985,57;3029,53
3050,03;3121,95;3048,63;3090,86
3107,20;3118,54;3086,49;3103,11
3090,59;3155,86;3086,79;3153,17
3167,99;3189,69;3160,34;3180,72
3180,30;3197,02;3148,70;3184,38
3173,44;3186,85;3128,55;3128,55
3139,57;3216,77;3126,66;3200,47
3180,33;3210,35;3171,41;3210,35
3229,45;3240,60;3151,44;3173,35
3173,26;3181,46;3128,15;3156,94
3157,19;3173,46;3138,45;3153,89
3158,22;3175,50;3143,77;3170,73
3217,29;3226,25;3186,68;3196,34
3190,16;3195,38;3125,39;3146,13
3115,35;3125,56;3094,96;3098,16
3113,57;3134,83;3097,04;3106,86
3091,62;3107,46;3070,62;3092,55
3104,07;3125,60;3084,36;3123,61
3139,72;3194,27;3130,62;3193,30
3212,72;3260,86;3200,14;3251,01
3239,30;3248,08;3210,66;3236,14
3265,30;3288,10;3240,16;3240,16
3225,49;3246,80;3189,99;3189,99
3186,59;3214,79;3144,99;3190,07
3202,85;3209,22;3158,58;3186,54
3199,68;3205,67;3096,71;3120,03
3121,58;3170,63;3099,60;3148,31
3129,53;3133,14;3093,14;3125,06
3109,83;3132,57;3084,79;3125,07
3143,86;3163,42;3139,27;3159,51
3189,88;3235,98;3182,84;3217,91
3208,80;3228,16;3203,82;3209,66
3210,42;3211,78;3178,98;3194,58
3202,54;3220,14;3177,55;3179,16
3147,41;3176,90;3141,97;3168,98
3189,54;3241,87;3185,25;3241,83
3252,93;3256,01;3195,46;3217,41
3248,74;3274,23;3231,68;3232,61
3250,40;3324,23;3250,04;3324,23
3314,70;3402,46;3311,74;3395,46
3399,30;3407,71;3361,49;3374,65
3385,61;3423,13;3376,89;3406,94
3382,85;3395,41;3364,92;3392,10
3404,23;3404,74;3373,47;3389,16
3391,41;3396,65;3357,25;3366,03
3361,10;3411,71;3361,10;3372,85
3382,39;3397,30;3365,81;3397,30
3411,57;3416,49;3312,51;3410,06
3412,06;3429,79;3383,33;3429,79
3396,72;3397,30;3322,19;3322,19
3363,37;3372,75;3278,19;3302,72
3295,61;3322,55;3284,53;3308,32
3313,93;3317,43;3253,74;3253,74
3294,47;3323,78;3286,44;3323,78
3333,06;3341,47;3282,32;3306,14
3303,93;3308,01;3261,80;3285,49
3288,38;3352,81;3288,38;3347,75
3337,32;3358,26;3325,73;3342,86
3286,27;3291,40;3261,26;3276,78
3260,11;3269,99;3191,57;3202,15
3172,24;3214,43;3144,50;3197,61
3219,45;3239,20;3190,33;3198,45
3177,78;3198,20;3139,19;3148,68
3201,28;3241,39;3187,84;3240,30
3240,51;3267,11;3229,26;3262,98
3285,32;3336,89;3285,15;3336,54
3310,09;3340,93;3288,19;3331,36
3328,52;3335,68;3295,56;3322,61
3371,22;3470,40;3369,23;3437,89
3418,15;3462,30;3412,85;3457,94
3488,02;3519,89;3416,03;3416,03
3412,31;3437,76;3389,61;3431,88
3465,99;3477,06;3419,26;3425,08
3441,12;3484,33;3390,65;3398,87
3360,10;3421,22;3349,55;3405,02
3416,25;3442,44;3411,29;3424,28
3423,61;3428,15;3389,11;3424,30
3439,94;3483,04;3436,45;3483,04
3519,97;3561,42;3506,31;3549,33
3550,49;3558,71;3522,68;3523,46
3526,33;3536,87;3513,80;3527,44
3535,03;3554,97;3510,67;3510,98
3522,05;3525,26;3485,78;3510,60
3475,39;3485,04;3400,10;3406,72
3411,63;3430,94;3402,35;3417,38
3383,92;3390,55;3344,45;3344,45
3361,01;3421,72;3354,61;3412,49
3450,21;3451,49;3398,47;3418,82
3444,38;3445,94;3377,02;3393,12
3394,61;3395,58;3366,32;3374,21
3392,83;3444,49;3384,33;3431,36
3442,41;3443,54;3386,61;3392,68
3427,18;3460,68;3417,91;3434,33
3478,60;3519,83;3465,46;3509,03
3497,30;3526,02;3475,62;3508,99
3538,51;3539,18;3469,31;3481,02
3428,70;3429,92;3305,47;3325,47
3250,87;3291,58;3239,07;3241,99
3273,07;3294,38;3180,13;3213,71
3239,05;3248,23;3198,48;3242,12
3151,86;3183,26;3116,16;3179,47
3215,48;3226,19;3178,72;3203,36
3215,32;3246,16;3173,93;3173,93
3231,10;3289,10;3224,86;3288,98
3277,05;3328,41;3252,34;3269,84
3307,64;3332,42;3272,45;3274,16
3273,75;3301,46;3217,07;3249,64
3153,40;3277,56;3147,59;3277,56
3267,49;3297,41;3265,20;3288,16
3285,02;3343,77;3271,62;3314,67
3336,56;3376,78;3332,80;3376,78
3369,40;3369,40;3334,88;3361,83
3364,91;3411,33;3361,63;3402,15
3464,44;3508,36;3464,02;3470,55
3465,63;3511,82;3456,05;3511,82
3515,90;3532,57;3464,33;3464,33
3513,73;3522,84;3471,82;3479,90
3468,19;3474,13;3432,86;3441,93
3451,70;3522,87;3442,29;3511,06
3534,51;3553,42;3505,71;3520,24
3489,63;3497,85;3461,38;3466,04
3504,28;3523,14;3483,45;3521,29
3548,57;3567,65;3521,94;3531,50
3540,27;3549,87;3519,57;3545,53
3554,30;3587,77;3547,32;3585,63
3562,15;3630,83;3559,00;3606,90
3595,51;3626,00;3559,54;3570,08
3614,85;3622,56;3588,62;3589,64
3652,78;3653,62;3608,46;3638,47
3616,49;3619,88;3595,65;3619,88
3640,62;3675,18;3602,74;3624,63
3573,88;3602,54;3564,48;3586,65
3615,78;3654,53;3610,24;3649,33
3668,98;3672,18;3627,79;3638,64
3652,43;3654,78;3594,36;3594,36
3593,39;3601,35;3563,83;3576,69
3616,35;3622,17;3564,70;3568,29
3569,24;3573,35;3546,11;3570,06
3568,70;3595,54;3560,38;3590,30
3618,59;3620,61;3599,93;3611,55
3643,35;3697,38;3643,35;3697,38
3692,37;3712,79;3679,78;3679,78
3686,04;3687,63;3600,73;3600,73
3621,08;3642,31;3600,89;3608,79
3610,43;3619,60;3538,23;3558,39
3522,00;3572,46;3488,02;3568,93
3589,94;3613,06;3570,73;3586,24
3566,00;3568,86;3497,48;3535,99
3508,16;3517,49;3483,19;3509,86
3518,80;3556,62;3465,89;3479,08
3490,02;3516,38;3477,79;3515,77
3529,65;3567,66;3523,66;3567,18
3615,12;3636,38;3580,32;3632,27
3596,04;3597,90;3565,44;3567,31
3530,11;3593,78;3515,52;3580,09
3563,40;3572,03;3542,36;3554,52
3575,48;3600,58;3562,63;3594,74
3600,75;3615,23;3571,21;3609,24
3571,65;3581,58;3542,43;3580,94
3636,86;3670,57;3623,06;3649,10
3663,98;3738,09;3659,85;3738,09
3726,73;3758,26;3714,84;3747,00
3780,36;3790,96;3730,44;3755,45
3754,72;3754,72;3668,70;3669,05
3628,08;3659,91;3599,14;3646,18
3681,47;3714,36;3666,21;3681,25
3675,23;3692,75;3637,82;3637,82
3638,18;3696,83;3627,50;3689,02
3723,60;3763,86;3713,51;3744,58
3765,82;3836,68;3765,37;3815,42
3816,63;3848,36;3796,05;3796,05
3808,26;3813,94;3768,98;3788,28
3805,22;3828,09;3729,39;3729,39
3705,56;3731,52;3678,54;3687,15
3699,96;3740,38;3699,96;3740,38
3725,16;3738,37;3688,53;3738,37
3723,66;3795,99;3716,03;3795,99
3757,32;3782,23;3720,34;3720,34
3760,36;3789,25;3750,41;3789,25
3785,71;3787,00;3749,98;3759,28
3752,86;3759,28;3703,03;3750,42
3777,97;3835,63;3776,37;3821,94
3826,18;3854,39;3820,97;3844,32
3838,26;3851,63;3811,27;3833,87
3839,25;3899,59;3839,25;3899,59
3896,04;3919,10;3871,00;3880,98
3860,31;3860,31;3790,39;3812,17
3807,63;3836,03;3780,53;3824,23
3837,87;3848,80;3792,28;3829,70
3878,33;3890,50;3837,28;3846,05
3858,26;3873,72;3796,60;3827,73
3805,99;3833,11;3766,16;3811,03
3800,24;3811,09;3769,15;3793,68
3806,88;3863,26;3804,00;3861,02
3863,99;3877,63;3819,13;3825,11
3823,54;3890,49;3816,35;3890,49
3868,90;3888,53;3843,08;3845,10
3807,61;3845,95;3765,31;3832,95
3833,43;3853,68;3708,11;3725,21
3677,44;3731,88;3648,53;3697,31
3713,90;3731,51;3674,34;3685,10
3714,31;3740,10;3714,31;3735,25
3656,39;3672,01;3635,98;3670,79
3703,25;3723,68;3664,77;3676,18
3696,46;3706,18;3621,63;3624,31
3572,95;3611,90;3546,85;3585,97
3629,69;3656,04;3619,25;3627,49
3633,12;3652,66;3596,94;3625,70
3634,21;3641,33;3530,88;3564,98
3466,08;3519,42;3450,33;3460,86
3488,52;3562,16;3488,52;3557,95
3531,49;3545,20;3510,00;3518,36
3394,43;3423,57;3291,02;3329,88
3310,40;3412,63;3248,08;3383,11
3423,66;3448,60;3380,20;3392,20
3384,71;3410,44;3324,87;3362,35
3409,10;3532,85;3394,54;3515,60
3580,18;3588,49;3528,21;3538,58
3514,53;3604,17;3505,62;3601,93
3626,68;3638,83;3567,07;3567,07
3544,37;3578,60;3513,52;3513,52
3465,77;3572,33;3462,95;3572,33
3603,52;3605,92;3483,20;3497,06
3559,06;3615,47;3544,21;3601,55
3601,74;3628,10;3586,76;3613,40
3605,76;3642,18;3583,34;3642,18
3642,04;3651,55;3567,57;3568,06
3592,99;3618,43;3538,27;3538,27
3550,28;3596,25;3477,46;3505,61
3463,83;3497,50;3442,26;3442,26
3459,53;3502,67;3457,10;3470,49
3492,20;3568,68;3490,28;3568,68
3552,51;3642,95;3535,37;3635,18
3651,27;3654,42;3584,29;3612,81
3602,39;3619,00;3578,42;3615,28
3604,33;3663,22;3604,33;3658,48
3770,17;3803,87;3750,09;3801,92
3794,33;3807,95;3772,80;3803,82
3804,60;3829,93;3736,21;3775,24
3780,49;3783,38;3710,40;3712,59
3710,20;3726,52;3663,07;3683,68
3701,38;3723,94;3676,65;3695,82
3739,46;3763,96;3675,83;3675,83
3684,39;3708,60;3632,93;3633,64
3635,66;3659,22;3591,69;3656,88
3704,56;3763,66;3699,22;3742,18
3744,38;3753,57;3705,02;3714,93
3707,75;3743,62;3689,26;3713,85
3728,83;3758,45;3711,87;3738,50
3762,19;3762,19;3722,91;3745,40
3738,49;3870,62;3733,82;3856,61
3879,09;3880,04;3832,30;3832,30
3862,13;3914,03;3856,57;3910,00
3868,43;3886,73;3852,32;3879,19
3901,24;3914,93;3892,24;3904,95
3862,62;3863,00;3828,56;3831,55
3830,07;3864,82;3809,49;3852,24
3851,45;3857,18;3747,52;3777,59
3766,25;3827,89;3752,04;3813,76
3760,51;3807,99;3734,05;3798,43
3828,33;3902,75;3821,94;3897,75
3884,85;3888,89;3846,05;3869,20
3900,79;3915,53;3870,74;3891,31
3867,93;3912,72;3851,98;3885,61
3935,47;3940,53;3910,96;3917,87
3913,94;3921,02;3866,24;3890,88
3865,19;3906,05;3863,90;3877,62
3820,77;3850,27;3804,75;3812,55
3787,22;3796,19;3748,05;3796,19
3806,67;3826,51;3792,54;3796,64
3816,10;3821,58;3712,27;3727,59
3642,50;3693,06;3619,55;3677,39
3702,22;3704,24;3545,56;3606,62
3569,76;3599,83;3543,76;3543,76
3577,12;3628,90;3547,38;3616,05
3648,69;3660,73;3558,57;3558,57
3575,39;3585,38;3475,46;3496,34
3500,85;3530,42;3452,16;3494,30
3534,87;3543,19;3489,00;3513,65
3515,97;3556,89;3475,86;3556,89
3499,00;3539,33;3483,42;3525,75
3527,21;3576,88;3485,82;3553,76
3583,48;3596,02;3551,87;3562,22
3594,21;3595,94;3501,69;3505,48
3499,56;3510,15;3437,03;3448,47
3478,25;3538,57;3428,56;3529,26
3580,55;3597,97;3536,75;3536,75
3565,61;3594,33;3536,69;3545,73
3563,62;3571,62;3515,28;3516,03
3515,26;3554,42;3507,80;3530,44
3582,83;3680,21;3569,70;3663,65
3672,75;3703,49;3639,23;3661,71
3678,89;3692,65;3655,75;3688,52
3684,13;3746,00;3669,60;3708,58
3724,69;3726,22;3674,45;3686,01
3633,72;3729,80;3632,10;3715,91
3682,57;3694,07;3619,31;3646,84
3645,55;3655,19;3535,64;3560,87
