Data,Otwarcie,Najwyzszy,Najnizszy,Zamkniecie,Wolumen
2015-01-02,34.176,34.272,33.679,34.137,1014994
2015-01-05,34.157,34.205,33.507,33.507,1604853
2015-01-07,33.727,34.262,33.554,33.631,2567467
2015-01-08,33.917,34.959,33.917,34.949,4212512
2015-01-09,35.026,35.045,34.348,34.539,1308637
2015-01-12,34.492,34.806,34.07,34.568,1185888
2015-01-13,34.396,35.504,34.396,35.255,2284818
2015-01-14,35.016,35.16,34.596,34.739,1869406
2015-01-15,34.988,35.065,31.625,32.475,24151212
2015-01-16,32.485,32.485,31.137,31.529,15024501
2015-01-19,31.921,32.408,31.615,31.635,4886684
2015-01-20,31.883,32.065,30.727,30.727,6254989
2015-01-21,30.813,31.692,30.335,31.692,5160787
2015-01-22,31.673,32.389,31.663,31.864,3069176
2015-01-23,32.102,32.236,31.529,31.529,2472198
2015-01-26,31.415,31.415,30.497,30.956,4259264
2015-01-27,31.052,31.702,30.765,30.994,4278079
2015-01-28,31.023,32.934,31.004,32.59,11392853
2015-01-29,32.485,33.001,32.265,32.771,3417400
2015-01-30,32.771,32.981,32.647,32.81,2393401
2015-02-02,32.963,33.125,32.341,32.8,2149653
2015-02-03,32.963,32.963,31.959,32.151,4208824
2015-02-04,32.246,32.437,31.816,32.399,4808744
2015-02-05,32.475,32.628,32.055,32.246,4056944
2015-02-06,32.255,32.428,31.768,31.921,3345298
2015-02-09,31.921,32.084,31.453,31.816,2778936
2015-02-10,31.931,31.988,31.491,31.529,2539227
2015-02-11,31.873,31.873,30.956,30.956,3699732
2015-02-12,31.137,31.682,31.052,31.08,3312226
2015-02-13,31.166,31.405,31.052,31.29,2190104
2015-02-16,31.396,31.921,31.396,31.816,2633360
2015-02-17,31.72,31.902,31.539,31.586,1620658
2015-02-18,31.768,31.864,31.195,31.195,1779809
2015-02-19,31.339,31.52,30.909,31.186,3212742
2015-02-20,31.166,31.367,30.889,30.956,1342170
2015-02-23,31.205,31.462,31.052,31.348,2140642
2015-02-24,31.425,31.845,31.166,31.845,2704333
2015-02-25,31.845,31.998,31.29,31.376,1441802
2015-02-26,31.147,31.386,31.033,31.147,3689067
2015-02-27,31.147,31.195,30.899,31.147,3404114
2015-03-02,31.166,31.205,30.784,31.09,1805179
2015-03-03,31.137,31.147,30.393,30.765,3112081
2015-03-04,30.67,31.94,30.297,31.825,8362814
2015-03-05,31.825,32.953,31.825,32.819,10362080
2015-03-06,32.944,32.953,32.341,32.475,4749588
2015-03-09,32.428,32.752,32.169,32.485,2543410
2015-03-10,32.465,32.771,32.188,32.312,3368022
2015-03-11,32.284,32.704,32.102,32.675,3502725
2015-03-12,32.695,32.963,32.399,32.963,3078631
2015-03-13,32.714,33.02,32.552,32.724,3100859
2015-03-16,32.963,33.24,32.819,33.24,3415599
2015-03-17,33.25,33.421,33.144,33.297,2005833
2015-03-18,33.25,33.613,33.22,33.25,2603268
2015-03-19,33.411,33.966,33.393,33.966,3064903
2015-03-20,33.917,34.3,33.909,34.157,5856560
2015-03-23,34.157,34.223,33.583,33.851,2066405
2015-03-24,33.679,33.774,32.953,33.297,3866467
2015-03-25,33.297,33.536,32.399,32.532,4889395
2015-03-26,32.399,32.456,32.007,32.074,3232934
2015-03-27,32.198,32.657,32.122,32.122,3153845
2015-03-30,32.188,32.532,32.055,32.055,2254238
2015-03-31,32.227,32.599,32.159,32.485,2362329
2015-04-01,32.198,32.447,32.151,32.361,3028434
2015-04-02,32.361,32.59,32.074,32.475,4549466
2015-04-07,32.819,32.915,32.494,32.667,2537879
2015-04-08,32.581,32.915,32.485,32.657,2324599
2015-04-09,32.542,32.886,32.437,32.675,2323949
2015-04-10,32.675,32.828,32.389,32.475,1911584
2015-04-13,32.523,32.752,32.428,32.752,1302091
2015-04-14,32.638,32.886,32.465,32.609,1527227
2015-04-15,32.437,33.87,32.437,33.87,3723241
2015-04-16,33.86,34.606,33.774,34.52,5617520
2015-04-17,34.396,34.969,34.348,34.396,4581123
2015-04-20,34.3,34.892,33.966,34.892,3658894
2015-04-21,34.949,35.102,34.396,34.663,2329965
2015-04-22,34.625,34.826,34.272,34.635,1295200
2015-04-23,34.826,34.826,34.31,34.405,2661807
2015-04-24,34.396,34.52,34.243,34.329,1634993
2015-04-27,34.205,34.749,33.917,34.157,4177571
2015-04-28,34.09,34.586,34.09,34.586,3178135
2015-04-29,34.539,34.568,34.205,34.51,1439960
2015-04-30,34.396,34.663,34.186,34.492,1914283
2015-05-04,34.492,35.151,34.272,34.959,3561291
2015-05-05,34.873,35.227,34.425,34.845,2043358
2015-05-06,34.778,35.59,34.635,35.59,5943750
2015-05-07,35.542,35.867,35.016,35.609,2604559
2015-05-08,35.609,36.106,35.485,36.02,3608487
2015-05-11,35.657,35.867,35.494,35.59,2120440
2015-05-12,35.59,35.924,35.065,35.924,2181827
2015-05-13,35.322,35.322,33.823,34.07,9033387
2015-05-14,34.061,34.205,33.335,33.917,4311176
2015-05-15,34.061,34.3,33.497,33.631,1831752
2015-05-18,33.813,34.061,33.478,33.823,1619126
2015-05-19,33.86,34.157,33.488,33.488,1424749
2015-05-20,33.488,33.774,33.307,33.67,2416047
2015-05-21,33.631,34.205,33.536,34.157,3498216
2015-05-22,34.099,34.348,33.774,34.061,3696616
2015-05-25,33.536,33.536,32.322,32.485,4177736
2015-05-26,32.322,32.714,31.529,31.586,6327720
2015-05-27,31.663,31.796,31.166,31.529,9353571
2015-05-28,31.749,31.864,31.367,31.367,2449689
2015-05-29,31.482,31.816,31.223,31.223,3831943
2015-06-01,31.233,31.682,30.956,31.625,2915753
2015-06-02,31.529,31.72,31.272,31.529,1780394
2015-06-03,31.529,31.529,31.07,31.195,2591122
2015-06-05,31.233,31.28,30.631,30.937,2312641
2015-06-08,30.927,31.549,30.823,31.042,1727995
2015-06-09,31.195,31.577,30.899,31.013,2550541
2015-06-10,30.956,32.159,30.937,32.016,3919401
2015-06-11,31.816,31.883,31.577,31.692,1942882
2015-06-12,31.711,31.778,31.176,31.28,2016635
2015-06-15,31.28,31.52,30.937,30.956,1983559
2015-06-16,30.956,31.042,30.383,30.478,5403775
2015-06-17,30.574,30.621,29.351,29.724,5991424
2015-06-18,29.58,29.944,29.408,29.618,4784029
2015-06-19,30.001,30.115,29.58,29.58,3821640
2015-06-22,29.905,30.488,29.905,30.401,2340956
2015-06-23,30.526,30.717,30.115,30.201,1556517
2015-06-24,30.316,30.621,29.895,30.574,2754453
2015-06-25,30.478,31.109,30.364,30.803,3353005
2015-06-26,30.746,30.927,29.934,30.096,3582490
2015-06-29,28.663,29.791,27.707,29.379,3420381
2015-06-30,29.284,29.972,29.141,29.733,3103299
2015-07-01,29.781,30.335,29.332,29.37,2324379
2015-07-02,29.379,29.571,28.625,28.902,6074275
2015-07-03,28.978,29.169,28.51,28.663,1400639
2015-07-06,28.519,29.159,28.329,28.854,1795642
2015-07-07,29.112,29.208,27.994,28.309,3398791
2015-07-08,28.223,28.635,27.717,28.568,3970528
2015-07-09,28.568,29.007,28.262,28.998,2504450
2015-07-10,29.169,29.81,29.151,29.638,3532461
2015-07-13,29.638,29.972,29.007,29.465,1843856
2015-07-14,29.456,29.523,28.759,29.265,1239776
2015-07-15,29.408,29.628,28.998,29.628,1310288
2015-07-16,29.733,30.077,29.504,29.924,2399932
2015-07-17,29.924,30.02,29.341,29.523,1191067
2015-07-20,29.332,29.428,28.539,28.568,1335085
2015-07-21,28.663,28.892,27.985,28.701,1576680
2015-07-22,28.644,28.672,27.526,27.526,3139898
2015-07-23,27.707,28.147,27.316,28.147,2625828
2015-07-24,28.023,28.223,27.393,27.393,3189571
2015-07-27,27.316,27.45,26.857,27.201,2458660
2015-07-28,27.23,27.765,27.067,27.707,3565355
2015-07-29,27.774,28.978,27.66,27.679,5162750
2015-07-30,27.803,28.061,27.201,27.603,2187756
2015-07-31,27.593,28.156,27.478,27.917,2316775
2015-08-03,27.841,28.472,27.736,28.376,1302510
2015-08-04,28.367,28.549,27.909,27.909,1666006
2015-08-05,27.985,28.462,27.985,28.462,1263028
2015-08-06,27.469,27.517,25.252,26.379,11825527
2015-08-07,26.465,26.791,25.796,25.796,2120361
2015-08-10,25.988,27.087,25.988,26.943,2344670
2015-08-11,26.848,27.373,26.58,26.838,2952649
2015-08-12,26.743,26.771,26.294,26.733,1560982
2015-08-13,26.81,27.66,26.81,27.469,4273587
2015-08-14,27.421,27.536,26.657,26.704,2464459
2015-08-17,26.704,27.038,26.227,26.657,1264419
2015-08-18,26.657,27.03,26.465,26.475,1678577
2015-08-19,26.943,27.621,26.485,27.373,5104045
2015-08-20,27.23,27.612,26.943,27.469,3043195
2015-08-21,26.895,27.909,26.819,27.344,2960833
2015-08-24,26.465,27.038,25.28,25.988,4439277
2015-08-25,25.988,27.096,25.94,26.447,3662101
2015-08-26,26.322,26.991,26.322,26.886,2345885
2015-08-27,26.895,27.66,26.895,27.564,3899570
2015-08-28,27.698,28.28,27.421,28.205,4629138
2015-08-31,28.166,28.415,27.851,28.415,3355630
2015-09-01,28.109,28.243,27.421,27.517,2257916
2015-09-02,27.612,27.841,27.469,27.469,2026144
2015-09-03,27.67,28.635,27.65,28.577,3657312
2015-09-04,28.519,28.663,27.946,28.099,3986028
2015-09-07,28.214,28.357,27.793,27.87,1578265
2015-09-08,27.832,28.09,27.326,27.756,2592542
2015-09-09,28.07,28.186,27.373,27.373,2274438
2015-09-10,27.335,28.223,27.297,28.223,3868880
2015-09-11,28.233,29.236,28.09,28.72,3428703
2015-09-14,28.109,28.462,27.546,28.223,3406904
2015-09-15,28.329,28.806,28.252,28.376,2586342
2015-09-16,28.568,28.835,28.396,28.711,1550131
2015-09-17,28.482,29.179,28.462,29.141,2321615
2015-09-18,29.026,29.428,28.482,28.816,6048963
2015-09-21,28.625,28.998,28.472,28.625,1778078
2015-09-22,28.663,28.94,27.813,27.975,1764256
2015-09-23,27.88,28.72,27.631,27.88,1596410
2015-09-24,27.937,28.376,27.24,27.517,2795547
2015-09-25,27.746,28.156,27.603,27.756,1070313
2015-09-28,27.746,27.946,27.096,27.287,1588059
2015-09-29,26.991,27.603,26.667,27.364,2398098
2015-09-30,27.707,28.272,27.249,28.119,2591317
2015-10-01,28.28,28.28,27.478,27.956,2959464
2015-10-02,27.985,28.033,27.526,27.784,3521278
2015-10-05,27.851,28.931,27.841,28.568,3246914
2015-10-06,28.568,29.102,28.472,28.701,2848778
2015-10-07,28.892,29.37,28.816,29.236,3027326
2015-10-08,29.217,30.144,29.102,29.905,5396105
2015-10-09,29.914,30.163,29.867,29.905,4548269
2015-10-12,29.886,29.953,29.514,29.714,2125292
2015-10-13,29.667,29.819,29.065,29.599,1951391
2015-10-14,29.304,30.03,29.084,29.667,2421455
2015-10-15,29.762,29.972,29.332,29.37,2251526
2015-10-16,29.551,29.762,28.663,28.816,2906191
2015-10-19,28.701,29.198,28.3,28.568,2747784
2015-10-20,28.357,28.94,28.357,28.806,3781959
2015-10-21,28.94,29.571,28.701,29.428,3651407
2015-10-22,29.408,29.704,28.806,28.949,3563297
2015-10-23,28.959,29.475,28.453,28.759,3842627
2015-10-26,28.176,28.596,27.679,28.156,7452677
2015-10-27,28.052,28.644,27.707,28.568,5685652
2015-10-28,28.433,28.549,28.023,28.319,2200863
2015-10-29,27.822,28.433,27.612,27.756,4731921
2015-10-30,27.774,27.774,26.867,27.364,4029384
2015-11-02,27.383,27.765,27.154,27.698,1511968
2015-11-03,27.822,27.88,27.22,27.249,2553841
2015-11-04,27.23,27.593,26.877,27.173,3705332
2015-11-05,26.914,27.201,26.914,27.001,1336333
2015-11-06,26.953,27.258,26.609,27.087,2627117
2015-11-09,27.134,27.23,26.179,26.37,2922273
2015-11-10,26.37,26.638,25.892,26.418,3248484
2015-11-12,26.304,26.781,26.084,26.667,2398163
2015-11-13,26.447,26.733,26.159,26.198,1968175
2015-11-16,26.084,26.227,25.72,25.988,2334201
2015-11-17,25.902,26.561,25.902,26.341,1802715
2015-11-18,26.227,26.924,26.131,26.924,2349550
2015-11-19,27.124,27.144,26.571,26.571,1237096
2015-11-20,26.647,26.981,26.561,26.638,876610
2015-11-23,26.542,26.542,25.596,26.322,2178784
2015-11-24,26.341,26.351,25.472,25.472,1763630
2015-11-25,25.482,26.026,25.462,25.729,1877085
2015-11-26,25.72,25.94,25.29,25.796,1420861
2015-11-27,25.692,26.026,25.376,25.386,1601844
2015-11-30,25.357,25.921,25.243,25.749,5159079
2015-12-01,25.72,26.055,25.663,25.988,2489325
2015-12-02,25.921,26.112,24.85,25.042,3803931
2015-12-03,25.109,25.51,24.383,24.383,4441371
2015-12-04,24.23,24.669,23.447,24.669,7669758
2015-12-07,24.669,25.338,24.334,25.032,5497624
2015-12-08,24.994,25.376,24.373,24.784,4702712
2015-12-09,24.88,24.917,23.667,23.991,5100422
2015-12-10,24.268,25.023,24.087,24.621,4766858
2015-12-11,25.08,25.252,23.905,24.287,4021587
2015-12-14,24.316,24.669,23.886,24.258,2668025
2015-12-15,24.383,24.774,24.287,24.669,2090480
2015-12-16,24.669,25.309,24.402,25.109,2943555
2015-12-17,25.128,26.418,25.128,25.796,3136438
2015-12-18,25.529,26.275,25.529,26.093,5564020
2015-12-21,25.902,26.37,25.864,26.217,1358274
2015-12-22,26.093,26.245,25.806,26.217,1681352
2015-12-23,26.208,26.208,25.892,25.949,863231
2015-12-28,25.949,26.169,25.825,26.169,971231
2015-12-29,26.159,26.561,26.112,26.408,1597255
2015-12-30,26.275,26.542,25.864,26.112,1115226
2016-01-04,25.415,25.5,24.841,25.338,2338964
2016-01-05,25.51,25.51,24.66,25.003,1682414
2016-01-07,24.124,24.774,24.02,24.546,2860970
2016-01-08,24.554,24.64,23.79,23.934,4828305
2016-01-11,23.886,23.981,22.778,22.835,4496422
2016-01-12,23.035,23.724,22.978,23.695,2989614
2016-01-13,23.733,23.953,23.514,23.857,4056515
2016-01-14,23.58,23.886,23.169,23.886,4377983
2016-01-15,23.685,23.877,22.816,22.892,4542460
2016-01-18,22.453,22.576,21.497,21.621,4769089
2016-01-19,21.975,22.386,21.507,21.507,3321494
2016-01-20,21.487,22.195,20.953,21.803,4179425
2016-01-21,22.042,22.309,21.554,22.07,3183210
2016-01-22,22.357,23.026,22.09,22.825,2370776
2016-01-25,22.864,22.988,22.195,22.338,1824781
2016-01-26,22.013,22.519,21.841,22.07,2009361
2016-01-27,21.879,22.491,21.803,22.453,1885314
2016-01-28,22.482,23.455,22.453,23.159,4248713
2016-01-29,23.408,23.551,22.959,23.551,4027506
2016-02-01,23.58,23.733,23.179,23.733,1621280
2016-02-02,23.667,23.667,22.319,22.319,3364444
2016-02-03,22.433,22.806,22.099,22.329,1798522
2016-02-04,22.758,23.179,22.568,23.179,2776869
2016-02-05,23.179,23.455,22.873,23.084,1369469
2016-02-08,23.084,23.159,22.462,22.739,1518424
2016-02-09,22.51,22.701,22.119,22.644,1956542
2016-02-10,22.653,23.102,22.539,22.663,2128464
2016-02-11,22.729,23.169,22.348,22.921,2023651
2016-02-12,22.788,23.761,22.758,23.542,3497613
2016-02-15,23.81,24.067,23.571,23.953,1670059
2016-02-16,24.058,24.058,23.437,23.675,1753468
2016-02-17,23.667,24.526,23.59,24.526,5664357
2016-02-18,24.373,24.994,24.134,24.44,3217235
2016-02-19,24.191,24.258,23.752,23.991,2124270
2016-02-22,24.173,24.65,24.173,24.173,1704023
2016-02-23,23.895,24.354,23.771,23.857,1991102
2016-02-24,23.886,24.01,23.141,23.227,3768098
2016-02-25,23.408,23.704,23.169,23.704,1798221
2016-02-26,23.886,23.981,23.599,23.752,1843464
2016-02-29,23.571,23.685,23.064,23.341,3432421
2016-03-01,23.494,23.743,23.151,23.743,1964055
2016-03-02,23.838,24.058,23.437,24.01,1635570
2016-03-03,23.981,24.45,23.8,24.45,2596088
2016-03-04,24.459,24.793,24.22,24.64,1392818
2016-03-07,24.64,24.841,24.23,24.841,1680166
2016-03-08,24.593,24.927,24.487,24.526,1365789
2016-03-09,24.689,24.917,24.364,24.917,1572428
2016-03-10,24.917,25.462,24.736,25.223,2321680
2016-03-11,25.338,26.418,25.3,26.112,2855239
2016-03-14,26.179,26.551,25.768,26.016,2229352
2016-03-15,25.854,26.045,25.644,25.949,1203641
2016-03-16,26.035,26.523,25.5,25.768,2319267
2016-03-17,25.873,26.122,25.329,25.988,2709715
2016-03-18,25.796,26.217,25.615,26.188,4347077
2016-03-21,25.854,26.188,25.519,25.911,1729730
2016-03-22,25.586,25.902,25.396,25.902,2477529
2016-03-23,25.816,26.026,24.975,25.156,2078052
2016-03-24,25.166,25.166,24.612,25.08,1859486
2016-03-29,25.109,25.491,24.86,25.156,1470059
2016-03-30,25.462,26.159,25.243,26.159,1877339
2016-03-31,26.169,26.561,25.759,26.561,3165161
2016-04-01,26.37,26.408,25.873,26.198,1782682
2016-04-04,26.007,26.322,25.998,26.227,1177076
2016-04-05,25.94,26.141,25.272,25.272,1612146
2016-04-06,25.5,25.692,24.975,25.185,1272817
2016-04-07,25.386,25.644,24.803,25.099,2354147
2016-04-08,25.3,25.692,24.669,25.692,2170649
2016-04-11,25.51,25.749,25.09,25.128,971731
2016-04-12,25.128,25.243,24.383,24.698,2343191
2016-04-13,24.937,25.185,24.793,25.099,2726306
2016-04-14,24.946,25.262,24.85,25.156,2044709
2016-04-15,25.205,25.462,24.698,24.889,2097240
2016-04-18,24.793,24.994,24.669,24.899,1413895
2016-04-19,24.841,25.272,24.803,25.109,1744043
2016-04-20,25.223,25.223,24.45,24.603,3775550
2016-04-21,24.698,24.736,24.01,24.173,2825271
2016-04-22,24.067,24.402,23.848,24.402,1533258
2016-04-25,24.497,24.497,23.943,24.077,1407323
2016-04-26,24.03,24.077,23.504,23.685,2218351
2016-04-27,23.608,23.79,23.217,23.294,2292131
2016-04-28,23.217,23.475,22.959,23.227,3080893
2016-04-29,23.284,23.389,22.949,23.37,2406269
2016-05-02,23.312,23.504,23.208,23.341,993821
2016-05-04,23.122,23.265,23.035,23.169,4022976
2016-05-05,23.141,23.236,22.806,22.892,1565012
2016-05-06,23.084,23.857,22.892,23.59,5279654
2016-05-09,23.781,23.781,23.026,23.208,1563198
2016-05-10,23.074,23.236,22.309,22.405,2913758
2016-05-11,22.519,22.548,22.08,22.29,1998123
2016-05-12,22.309,22.825,22.09,22.119,1292189
2016-05-13,22.119,22.682,22.052,22.529,1704195
2016-05-16,22.988,23.465,22.796,23.265,2074279
2016-05-17,23.494,23.494,23.007,23.131,1931596
2016-05-18,23.035,23.284,22.864,22.959,1766333
2016-05-19,22.931,22.988,22.272,22.29,1304516
2016-05-20,22.357,22.729,21.994,22.462,1749136
2016-05-23,22.405,23.351,22.386,23.131,2950940
2016-05-24,23.064,23.542,23.007,23.408,2157887
2016-05-25,23.504,23.867,23.408,23.628,1987466
2016-05-27,23.532,23.81,23.351,23.695,3437293
2016-05-30,23.695,24.001,23.59,23.828,555305
2016-05-31,23.895,24.02,23.657,23.657,5210672
2016-06-01,23.599,23.599,22.701,22.931,2355803
2016-06-02,22.911,23.265,22.615,22.94,1386098
2016-06-03,22.692,23.122,22.319,22.902,7127601
2016-06-06,22.931,23.294,22.701,22.892,1925723
2016-06-07,22.911,23.647,22.911,23.265,3007186
2016-06-08,23.217,23.561,22.663,23.322,3299493
2016-06-09,23.312,23.379,22.911,22.978,3137924
2016-06-10,22.94,22.988,22.357,22.433,1566795
2016-06-13,22.213,22.816,22.119,22.453,1069512
2016-06-14,22.453,22.711,22.223,22.692,3445102
2016-06-15,22.845,23.122,22.596,22.931,2256425
2016-06-16,22.739,22.931,22.329,22.644,4502448
2016-06-17,22.682,22.921,22.644,22.749,3205947
2016-06-20,22.931,23.351,22.845,23.122,811517
2016-06-21,22.959,23.867,22.959,23.867,3018930
2016-06-22,23.877,24.364,23.752,24.134,3878335
2016-06-23,24.115,24.889,24.038,24.889,2861421
2016-06-24,20.542,23.704,20.542,23.58,7035723
2016-06-27,23.408,23.408,21.994,21.994,2839149
2016-06-28,22.433,22.672,22.29,22.635,3039014
2016-06-29,22.739,22.788,22.319,22.462,2228562
2016-06-30,22.415,22.625,22.119,22.242,3787168
2016-07-01,22.433,22.433,22.07,22.262,1835972
2016-07-04,22.07,22.07,21.469,21.679,5201162
2016-07-05,21.507,22.08,21.507,21.774,2235364
2016-07-06,21.793,21.975,21.287,21.354,3272927
2016-07-07,21.497,21.879,21.45,21.64,3402435
2016-07-08,21.64,21.956,21.574,21.736,3477818
2016-07-11,21.994,22.453,21.946,22.453,3307637
2016-07-12,22.596,22.692,22.032,22.147,4100785
2016-07-13,22.137,22.319,21.832,22.032,3169947
2016-07-14,22.06,22.548,21.985,22.5,3031088
2016-07-15,22.5,22.864,22.357,22.701,3126918
2016-07-18,22.778,23.265,22.778,23.084,2913461
2016-07-19,23.092,23.37,22.949,23.274,2052275
2016-07-20,23.408,23.408,23.064,23.389,1986485
2016-07-21,23.312,23.599,23.217,23.361,2386020
2016-07-22,23.208,23.389,22.921,23.188,1028817
2016-07-25,23.408,23.542,23.351,23.542,1478506
2016-07-26,23.427,23.494,22.882,23.016,1087846
2016-07-27,22.978,23.312,22.835,23.122,1959710
2016-07-28,22.94,23.485,22.94,23.437,1431047
2016-07-29,23.494,23.494,22.701,22.739,1506007
2016-08-01,22.931,23.064,22.711,22.739,1293548
2016-08-02,23.504,25.806,23.494,25.128,12284532
2016-08-03,25.099,25.749,24.88,25.663,5510017
2016-08-04,25.548,26.179,25.366,26.179,2946106
2016-08-05,26.179,26.485,26.045,26.322,2367854
2016-08-08,26.102,26.275,25.729,26.007,2068705
2016-08-09,25.72,26.179,25.558,26.035,2496790
2016-08-10,25.998,26.141,25.873,26.074,1893495
2016-08-11,25.959,26.437,25.778,26.37,1884479
2016-08-12,26.294,26.447,26.179,26.245,1554463
2016-08-16,26.236,26.245,25.796,25.845,1805259
2016-08-17,25.759,25.94,25.415,25.586,3284869
2016-08-18,25.415,25.653,24.937,25.032,1438120
2016-08-19,25.061,25.147,24.707,24.707,1964145
2016-08-22,24.793,25.042,24.612,24.841,1960498
2016-08-23,24.832,25.185,24.411,24.65,2704305
2016-08-24,24.631,24.985,24.469,24.774,1737408
2016-08-25,24.822,24.946,24.564,24.793,2026072
2016-08-26,24.841,25.119,24.593,24.841,1510199
2016-08-29,24.717,25.109,24.717,24.889,1346671
2016-08-30,24.841,25.577,24.822,25.482,1686552
2016-08-31,25.386,25.519,25.185,25.386,2848063
2016-09-01,25.491,25.635,24.727,25.205,2216397
2016-09-02,25.032,25.166,24.603,25.128,1806564
2016-09-05,25.128,25.386,24.946,25.156,1127768
2016-09-06,25.233,25.568,24.994,25.5,1834480
2016-09-07,25.558,26.657,25.491,26.657,4150203
2016-09-08,26.657,26.848,25.94,26.007,3213407
2016-09-09,25.988,26.159,25.338,25.472,1270862
2016-09-12,25.205,25.386,24.946,25.042,1977142
2016-09-13,25.205,25.491,24.774,24.956,2921505
2016-09-14,24.985,25.796,24.966,25.653,2066599
2016-09-15,25.558,26.007,25.5,25.796,3328805
2016-09-16,25.806,25.978,25.692,25.72,3608143
2016-09-19,25.72,26.074,25.72,25.796,1361668
2016-09-20,25.749,25.796,25.644,25.796,1367119
2016-09-21,25.749,25.988,25.653,25.682,2272273
2016-09-22,25.711,26.532,25.51,26.532,3575716
2016-09-23,26.418,26.427,25.778,26.026,1748381
2016-09-26,25.825,25.882,25.519,25.682,1579919
2016-09-27,25.796,25.825,25.166,25.472,2144578
2016-09-28,25.51,25.539,25.195,25.329,1839933
2016-09-29,25.425,25.51,25.052,25.205,1579469
2016-09-30,25.128,25.223,24.937,24.946,2797713
2016-10-03,24.975,25.07,24.707,24.707,1278441
2016-10-04,24.679,25.195,24.679,25.166,1591189
2016-10-05,25.023,25.739,24.86,25.472,1815179
2016-10-06,25.386,25.529,25.07,25.309,1124374
2016-10-07,25.309,25.309,24.889,24.889,849103
2016-10-10,25.109,25.29,24.889,24.966,688465
2016-10-11,24.966,25.176,24.889,25.013,1093837
2016-10-12,24.909,25.166,24.736,24.956,1295114
2016-10-13,24.937,24.937,24.038,24.087,1630010
2016-10-14,24.163,24.64,24.163,24.191,1285488
2016-10-17,24.191,24.516,23.914,24.23,1899634
2016-10-18,24.459,24.717,24.163,24.43,2261204
2016-10-19,24.44,24.774,24.268,24.564,1620405
2016-10-20,24.603,24.746,24.277,24.411,808035
2016-10-21,24.393,24.927,24.297,24.793,1368633
2016-10-24,24.793,25.5,24.774,25.415,1654778
2016-10-25,25.366,26.064,25.366,25.892,2544630
2016-10-26,25.796,25.969,25.119,25.272,1547135
2016-10-27,25.29,25.701,25.28,25.701,1563006
2016-10-28,25.796,26.437,25.482,26.37,1897177
2016-10-31,26.275,26.485,26.026,26.255,2047509
2016-11-02,25.72,25.892,25.223,25.357,3097163
2016-11-03,25.243,25.729,25.147,25.433,2695806
2016-11-04,25.386,25.558,25.233,25.51,1128555
2016-11-07,25.825,25.998,25.262,25.338,1118142
2016-11-08,25.433,25.759,25.433,25.749,918934
2016-11-09,25.176,25.959,25.137,25.959,1826235
2016-11-10,26.035,26.465,25.606,25.606,2667893
2016-11-14,25.892,25.892,25.214,25.329,3215821
2016-11-15,25.415,25.739,25.29,25.415,1195980
2016-11-16,25.415,25.51,24.889,25.205,1643964
2016-11-17,25.195,25.243,24.574,24.66,1384602
2016-11-18,24.574,24.64,24.048,24.22,3891209
2016-11-21,24.373,24.554,24.106,24.402,3602662
2016-11-22,24.526,24.689,24.354,24.478,1734608
2016-11-23,24.421,24.631,24.191,24.603,1891252
2016-11-24,24.593,24.832,24.393,24.736,2019508
2016-11-25,24.793,24.813,24.326,24.603,1615042
2016-11-28,24.554,24.554,24.24,24.297,1402618
2016-11-29,24.211,24.469,24.096,24.277,1914950
2016-11-30,24.344,24.554,24.326,24.421,2318051
2016-12-01,24.383,24.497,24.01,24.077,2197365
2016-12-02,24.183,24.707,24.048,24.679,3766733
2016-12-05,24.698,25.778,24.698,25.625,2470301
2016-12-06,25.701,26.447,25.625,25.988,5360139
2016-12-07,25.949,26.924,25.931,26.695,6048533
2016-12-08,26.943,27.096,26.045,26.943,5480387
2016-12-09,26.838,26.963,26.016,26.084,4080394
2016-12-12,26.026,26.055,25.558,25.749,3132666
2016-12-13,25.768,26.791,25.749,26.657,3922395
2016-12-14,26.657,26.991,26.332,26.905,3433488
2016-12-15,26.752,26.838,26.408,26.58,1422332
2016-12-16,26.542,26.838,26.236,26.561,5251213
2016-12-19,26.198,26.8,25.998,26.704,2291134
2016-12-20,26.828,27.183,26.714,26.733,1617472
2016-12-21,26.752,26.972,26.236,26.379,1529725
2016-12-22,26.341,27.038,26.055,27.038,1361644
2016-12-23,26.81,27.163,26.599,26.895,1305913
2016-12-27,26.761,26.905,26.685,26.743,510943
2016-12-28,26.752,26.991,26.447,26.657,1156418
2016-12-29,26.743,26.914,26.523,26.733,780848
2016-12-30,26.761,27.115,26.618,26.886,797113
2017-01-02,26.8,27.077,26.618,26.991,629142
2017-01-03,27.048,28.615,27.048,28.5,3706844
2017-01-04,28.519,29.045,28.462,29.045,5695003
2017-01-05,28.864,29.188,28.692,28.949,2899322
2017-01-09,28.949,29.159,28.749,29.141,1982831
2017-01-10,28.988,29.609,28.949,28.949,2285108
2017-01-11,29.035,29.571,28.788,29.428,3015651
2017-01-12,29.379,29.523,28.749,28.749,2152784
2017-01-13,28.759,29.045,28.309,28.539,2064751
2017-01-16,28.186,29.026,27.966,28.625,2746048
2017-01-17,28.625,28.625,28.061,28.137,3362606
2017-01-18,28.137,28.549,27.994,28.195,2623120
2017-01-19,28.195,28.663,28.042,28.663,1795273
2017-01-20,28.568,29.084,28.519,28.549,2186574
2017-01-23,28.482,28.5,27.946,27.946,1240165
2017-01-24,28.033,28.663,27.707,28.491,3236877
2017-01-25,28.615,30.287,28.615,30.087,4022230
2017-01-26,30.287,30.803,30.211,30.211,3906461
2017-01-27,30.106,30.526,29.628,29.724,1379249
2017-01-30,29.667,30.077,29.275,29.275,1102705
2017-01-31,29.236,29.8,29.236,29.304,1684036
2017-02-01,29.599,29.991,29.494,29.762,3516597
2017-02-02,29.628,29.828,29.236,29.236,1495552
2017-02-03,29.255,29.791,29.246,29.714,1976931
2017-02-06,29.733,30.612,29.733,30.287,2425591
2017-02-07,30.287,30.287,29.848,29.905,2090033
2017-02-08,29.905,30.125,29.714,29.762,2775047
2017-02-09,29.914,30.956,29.914,30.823,2149298
2017-02-10,31.052,31.988,31.042,31.816,6999894
2017-02-13,31.959,32.657,31.816,32.007,3183395
2017-02-14,32.198,32.408,31.635,32.007,2445053
2017-02-15,32.198,33.401,31.949,33.038,4204506
2017-02-16,32.963,33.401,32.532,33.383,6133602
2017-02-17,33.173,33.307,32.465,32.599,4132293
2017-02-20,32.724,32.838,32.361,32.379,900327
2017-02-21,32.379,33.621,32.379,33.526,3742588
2017-02-22,33.631,33.966,33.154,33.87,3842977
2017-02-23,33.679,33.994,33.401,33.401,1790125
2017-02-24,33.258,33.44,32.312,32.408,1898598
2017-02-27,32.408,32.828,31.959,32.151,1587181
2017-02-28,32.341,32.351,31.653,31.796,2492649
2017-03-01,31.931,33.832,31.931,33.823,3386583
2017-03-02,33.841,34.109,33.23,33.813,2476778
2017-03-03,33.393,33.603,33.058,33.058,2546756
2017-03-06,33.058,33.87,32.294,32.724,2598007
2017-03-07,32.599,32.81,31.864,31.864,2135524
2017-03-08,31.816,31.969,31.08,31.319,2376168
2017-03-09,31.5,31.806,30.956,31.386,2877089
2017-03-10,31.711,32.322,31.214,31.214,2093162
2017-03-13,31.214,32.026,31.186,31.959,1806430
2017-03-14,31.94,31.988,31.539,31.625,1986003
2017-03-15,31.415,31.52,31.052,31.07,2437767
2017-03-16,31.625,32.055,31.453,32.045,2901987
2017-03-17,32.007,32.456,32.007,32.188,5733825
2017-03-20,32.188,32.188,31.453,31.739,2073742
2017-03-21,31.749,32.599,31.749,31.931,2841195
2017-03-22,31.529,31.653,30.899,30.975,2522284
2017-03-23,31.147,31.472,30.631,31.195,1773270
2017-03-24,31.128,31.796,31.013,31.796,1165240
2017-03-27,31.195,31.5,30.946,31.433,1014848
2017-03-28,31.702,31.702,31.262,31.653,857461
2017-03-29,31.796,31.864,31.013,31.529,1588004
2017-03-30,31.529,31.788,31.004,31.004,1912063
2017-03-31,31.033,31.309,30.631,30.631,2027681
2017-04-03,30.784,31.568,30.727,31.529,906203
2017-04-04,31.425,32.294,31.272,32.055,1846481
2017-04-05,32.122,32.475,31.969,32.294,1953692
2017-04-06,32.055,32.485,31.72,32.475,1565580
2017-04-07,32.208,32.294,31.682,31.912,1820739
2017-04-10,32.007,32.169,31.711,31.711,1216305
2017-04-11,31.568,32.074,31.147,31.433,1632332
2017-04-12,31.433,31.692,30.478,30.574,2155013
2017-04-13,30.574,30.851,30.297,30.536,2118241
2017-04-18,30.86,31.223,30.689,30.765,3275234
2017-04-19,31.042,31.759,30.937,31.73,2569276
2017-04-20,31.73,31.921,31.348,31.711,1968701
2017-04-21,31.816,31.988,31.004,31.195,1061771
2017-04-24,31.72,31.969,31.28,31.702,2410928
2017-04-25,31.644,32.81,31.644,32.647,3053381
2017-04-26,32.657,33.679,32.399,33.469,4078193
2017-04-27,33.297,34.492,33.287,34.243,3485270
2017-04-28,34.147,34.396,33.393,33.717,2080355
2017-05-02,33.727,33.976,33.411,33.976,1569207
2017-05-04,33.966,35.294,33.927,34.873,5185063
2017-05-05,34.606,34.998,34.472,34.912,2236377
2017-05-08,34.921,35.198,33.899,34.109,2375687
2017-05-09,34.157,35.628,34.09,35.628,3146791
2017-05-10,35.351,35.571,34.186,34.453,3371498
2017-05-11,34.492,35.198,33.774,33.832,2078395
2017-05-12,33.966,34.348,33.631,34.195,1772333
2017-05-15,34.396,34.816,33.985,34.205,1370186
2017-05-16,34.205,34.482,32.972,33.823,3088445
2017-05-17,33.679,33.899,33.03,33.287,2934222
2017-05-18,33.154,33.421,32.552,33.01,1539977
2017-05-19,33.01,33.364,32.743,33.01,2251200
2017-05-22,33.411,34.099,33.115,33.87,2275453
2017-05-23,33.87,34.004,32.895,33.038,1741504
2017-05-24,33.01,34.558,32.771,34.558,3506536
2017-05-25,34.72,35.198,34.28,34.443,2952728
2017-05-26,34.31,34.864,34.042,34.492,2325156
2017-05-29,34.396,34.558,34.061,34.129,467648
2017-05-30,33.994,34.272,33.488,33.66,1105105
2017-05-31,33.65,34.883,33.554,34.883,7300526
2017-06-01,34.788,34.788,33.689,33.689,2418064
2017-06-02,34.004,34.329,33.823,34.176,1608303
2017-06-05,34.176,34.386,33.689,34.061,1881913
2017-06-06,33.765,34.558,33.66,34.339,1774244
2017-06-07,34.272,35.112,34.214,34.348,2457880
2017-06-08,34.214,34.959,34.129,34.959,1800721
2017-06-09,34.873,35.581,34.205,34.252,2356450
2017-06-12,34.252,34.357,33.182,33.182,1968351
2017-06-13,33.469,33.966,33.001,33.832,1843656
2017-06-14,33.909,34.176,33.058,33.097,2186532
2017-06-16,33.22,33.851,33.163,33.536,3618377
2017-06-19,33.727,34.243,33.707,34.233,867957
2017-06-20,34.223,34.223,32.838,33.01,2600207
2017-06-21,32.981,33.23,32.685,33.001,2197460
2017-06-22,33.01,33.24,32.675,32.848,1086860
2017-06-23,32.819,33.068,32.275,32.485,1467814
2017-06-26,32.485,33.707,32.465,33.307,1941362
2017-06-27,33.211,33.86,33.154,33.201,1561985
2017-06-28,33.201,33.316,32.638,33.087,1924703
2017-06-29,33.25,33.488,32.895,33.287,1619632
2017-06-30,32.981,33.411,32.734,32.924,1433720
2017-07-03,32.924,33.889,32.828,33.889,963886
2017-07-04,33.488,33.526,32.963,32.963,1490612
2017-07-05,32.915,33.278,32.877,32.981,1422522
2017-07-06,32.963,33.536,32.895,33.45,1451165
2017-07-07,33.354,33.478,33.201,33.22,851177
2017-07-10,33.44,33.526,32.895,33.106,875302
2017-07-11,33.01,33.383,32.905,33.154,1313349
2017-07-12,33.144,33.813,33.144,33.536,1579175
2017-07-13,33.46,33.603,33.125,33.25,1779934
2017-07-14,33.25,33.393,32.886,33.297,1162655
2017-07-17,33.326,34.09,33.326,34.09,2637842
2017-07-18,33.937,34.3,33.66,34.013,1898369
2017-07-19,34.023,34.586,33.966,34.405,3703676
2017-07-20,34.405,34.796,34.147,34.252,2354122
2017-07-21,34.147,34.529,33.774,34.205,2491741
2017-07-24,34.205,34.759,34.119,34.492,1901362
2017-07-25,34.396,34.644,34.223,34.492,2625126
2017-07-26,34.586,34.864,34.405,34.682,902036
2017-07-27,34.51,34.778,34.433,34.778,1177923
2017-07-28,34.539,35.093,34.357,35.093,958713
2017-07-31,34.921,35.437,34.921,35.189,2428372
2017-08-01,35.16,35.762,35.16,35.618,1575805
2017-08-02,35.504,35.781,34.29,34.386,3424318
2017-08-03,34.405,34.653,33.927,33.927,2743515
2017-08-04,33.976,34.682,33.976,34.252,2862718
2017-08-07,34.31,34.51,34.137,34.51,1032446
2017-08-08,34.51,35.284,34.262,35.284,1565582
2017-08-09,35.084,35.179,34.615,35.093,2140230
2017-08-10,34.845,35.218,34.28,34.3,2000123
2017-08-11,34.205,34.492,34.186,34.272,1544137
2017-08-14,34.367,34.778,34.272,34.386,1133109
2017-08-16,34.396,34.462,33.966,33.966,1746240
2017-08-17,33.966,34.052,33.488,33.65,1185836
2017-08-18,33.44,33.65,33.201,33.546,1239882
2017-08-21,33.488,33.813,33.25,33.813,438024
2017-08-22,33.794,33.86,33.354,33.44,977875
2017-08-23,33.469,33.689,33.097,33.526,839706
2017-08-24,33.536,34.243,33.393,34.195,1581399
2017-08-25,34.376,34.529,34.042,34.386,953140
2017-08-28,34.586,35.198,34.262,35.169,1850643
2017-08-29,35.074,35.169,34.433,34.462,1800569
2017-08-30,34.759,35.734,34.682,35.255,2636902
2017-08-31,35.246,35.638,34.644,35.045,1738233
2017-09-01,34.902,35.255,34.615,35.255,880281
2017-09-04,34.682,35.169,34.653,34.883,759141
2017-09-05,34.998,35.284,34.644,34.883,1017757
2017-09-06,34.586,34.921,34.549,34.682,957605
2017-09-07,34.606,34.931,33.937,34.205,2111229
2017-09-08,34.109,34.52,33.985,34.147,1344585
2017-09-11,34.3,34.529,33.927,33.927,1729616
2017-09-12,34.052,34.376,33.163,33.354,2401002
2017-09-13,33.45,33.67,33.01,33.297,2360173
2017-09-14,33.344,33.717,33.344,33.717,1672050
2017-09-15,33.66,33.823,33.001,33.201,5959753
2017-09-18,33.335,33.774,33.335,33.679,1176929
2017-09-19,33.679,34.396,33.613,34.157,1801655
2017-09-20,34.186,34.376,33.574,33.909,644868
2017-09-21,33.909,34.205,33.727,34.09,1258629
2017-09-22,33.917,34.386,33.86,34.07,1957559
2017-09-25,34.023,34.29,33.774,33.774,577351
2017-09-26,33.727,33.87,33.211,33.44,705318
2017-09-27,33.431,33.794,33.058,33.058,1090392
2017-09-28,33.287,33.536,33.01,33.097,853872
2017-09-29,33.097,33.937,33.068,33.756,1321649
2017-10-02,34.013,34.157,33.536,33.832,1412078
2017-10-03,33.823,34.004,33.574,33.727,925124
2017-10-04,33.65,34.07,33.497,33.631,1587100
2017-10-05,33.507,33.87,33.335,33.698,1021475
2017-10-06,33.727,33.746,33.106,33.134,1811234
2017-10-09,33.23,33.517,33.22,33.421,829922
2017-10-10,33.774,34.319,33.756,34.319,2034466
2017-10-11,34.329,35.255,34.252,34.978,3248781
2017-10-12,35.065,35.351,34.902,35.198,2265788
2017-10-13,35.093,35.342,34.931,34.959,1641148
2017-10-16,34.988,35.485,34.835,34.835,1634333
2017-10-17,34.892,35.428,34.855,35.16,2071701
2017-10-18,35.093,35.332,34.873,34.873,1193848
2017-10-19,35.065,35.877,34.921,35.724,4266115
2017-10-20,35.828,35.828,35.304,35.494,1780197
2017-10-23,35.437,35.609,35.036,35.036,1454591
2017-10-24,35.055,35.428,34.453,34.5,1850670
2017-10-25,34.472,35.016,34.472,34.959,1137797
2017-10-26,34.855,35.045,34.443,34.549,810508
2017-10-27,34.635,35.685,34.586,35.218,1913399
2017-10-30,35.255,36.813,35.255,36.689,3422606
2017-10-31,36.517,37.1,36.307,37.023,2587063
2017-11-02,36.956,37.166,36.106,36.115,2231950
2017-11-03,36.211,36.65,36.03,36.316,2078874
2017-11-06,36.297,37.453,36.297,37.31,2310085
2017-11-07,37.5,38.685,37.5,38.122,4846209
2017-11-08,38.122,38.255,37.759,38.026,2044009
2017-11-09,37.864,38.074,36.927,37.119,3604544
2017-11-10,37.052,37.3,36.221,37.042,2385175
2017-11-13,37.272,38.475,37.262,37.998,2450024
2017-11-14,38.218,38.571,37.778,38.275,2355110
2017-11-15,38.141,38.304,37.596,37.835,2142646
2017-11-16,38.026,38.524,37.94,38.218,4228289
2017-11-17,38.198,39.077,38.198,38.953,1564007
2017-11-20,38.628,39.431,38.524,39.411,1165551
2017-11-21,39.287,39.832,39.23,39.593,2025393
2017-11-22,39.46,39.976,39.411,39.976,1414599
2017-11-23,39.746,40.443,39.65,40.319,1222429
2017-11-24,40.147,40.367,39.803,40.129,2483635
2017-11-27,39.956,40.979,39.956,40.606,1803758
2017-11-28,40.492,41.074,40.376,40.988,2102868
2017-11-29,41.093,41.466,39.994,40.129,2179674
2017-11-30,40.08,40.979,40.08,40.415,3267801
2017-12-01,40.176,40.635,39.354,40.1,2028440
2017-12-04,39.927,40.348,39.497,39.756,1767067
2017-12-05,39.641,40.109,39.507,39.756,1365502
2017-12-06,39.173,39.546,38.791,38.791,2916326
2017-12-07,38.752,39.593,38.743,39.431,2256650
2017-12-08,39.316,40.214,39.316,40.1,2408103
2017-12-11,40.042,40.205,39.746,40.147,1252688
2017-12-12,40.08,40.539,39.966,40.386,2094995
2017-12-13,40.195,40.492,39.956,40.453,1166638
2017-12-14,40.396,41.084,40.319,41.084,2057943
2017-12-15,41.055,41.322,40.749,41.322,6377608
2017-12-18,41.132,41.552,41.132,41.524,1676694
2017-12-19,41.399,41.734,41.198,41.275,1272095
2017-12-20,41.084,42.23,40.94,41.982,2632906
2017-12-21,41.905,41.934,41.475,41.848,1611949
2017-12-22,41.648,41.887,41.265,41.322,956946
2017-12-27,41.285,42.326,41.285,42.326,1213822
2017-12-28,41.944,42.737,41.781,42.737,1831052
2017-12-29,42.507,42.689,42.154,42.335,1252098
2018-01-03,42.134,42.287,40.892,41.408,2083024
2018-01-04,41.418,42.278,41.418,42.087,3478899
2018-01-05,41.895,42.364,41.685,42.297,4843170
2018-01-08,42.374,43.205,42.374,43.08,3549984
2018-01-09,42.994,43.166,42.766,43.043,3848126
2018-01-10,42.994,42.994,42.402,42.756,2599050
2018-01-11,42.708,43.472,42.621,43.472,3966175
2018-01-12,43.233,43.759,43.147,43.463,1158887
2018-01-15,43.329,43.663,42.918,43.472,1857130
2018-01-16,43.196,44.695,43.196,44.389,2911272
2018-01-17,44.045,44.742,43.998,44.285,1945696
2018-01-18,44.294,44.667,44.065,44.428,1826954
2018-01-19,44.294,44.714,44.103,44.198,1034359
2018-01-22,44.379,44.571,44.16,44.342,1803233
2018-01-23,44.514,44.905,44.408,44.838,2403096
2018-01-24,44.676,45.478,44.638,45.47,1574413
2018-01-25,45.288,45.47,44.285,44.361,2806515
2018-01-26,44.428,44.81,43.74,43.855,1050551
2018-01-29,43.864,44.313,43.415,43.902,1512189
2018-01-30,43.415,44.026,43.415,44.016,2737168
2018-01-31,43.988,44.361,43.577,43.625,1774414
2018-02-01,43.778,44.198,42.774,43.033,2085323
2018-02-02,42.861,43.339,42.517,42.994,1924117
2018-02-05,42.527,43.071,42.287,42.708,1181899
2018-02-06,41.179,41.934,41.084,41.246,3456233
2018-02-07,41.246,42.411,41.236,42.221,3204442
2018-02-08,42.068,42.307,40.959,40.959,2011719
2018-02-09,40.806,41.361,40.549,40.73,1873157
2018-02-12,40.998,42.125,40.998,41.456,1524266
2018-02-13,41.59,42.02,41.351,41.361,1816212
2018-02-14,41.561,41.801,40.797,41.437,1769261
2018-02-15,41.801,42.192,41.132,41.132,1288307
2018-02-16,41.714,41.714,40.004,40.09,2002288
2018-02-19,40.129,40.988,40.129,40.864,1251485
2018-02-20,40.558,41.084,40.434,41.084,729897
2018-02-21,40.921,41.246,40.806,40.988,1467135
2018-02-22,40.558,42.326,40.558,42.058,2609913
2018-02-23,41.905,42.393,41.466,41.829,1568829
2018-02-26,42.03,42.478,41.571,42.039,2166621
2018-02-27,41.953,42.794,41.867,42.144,1795221
2018-02-28,41.609,42.134,41.045,41.151,3473724
2018-03-01,40.902,41.141,40.023,40.51,2374278
2018-03-02,40.129,40.558,39.937,40.319,2468629
2018-03-05,40.129,41.342,40.052,41.342,1498286
2018-03-06,41.705,41.791,40.692,40.692,2107392
2018-03-07,40.319,41.084,40.157,40.969,2170404
2018-03-08,41.055,41.084,38.542,38.838,5092403
2018-03-09,38.848,39.641,37.625,39.374,5624237
2018-03-12,39.574,40.492,39.374,40.406,3290117
2018-03-13,40.406,40.5,39.717,39.89,2746541
2018-03-14,40.08,40.205,39.421,40.071,2042491
2018-03-15,40.071,40.319,38.657,38.981,1878286
2018-03-16,39.173,39.173,38.055,38.447,6309609
2018-03-19,38.218,38.628,37.931,38.218,1129504
2018-03-20,38.208,39.631,38.198,39.536,1834158
2018-03-21,39.421,40.606,39.364,40.606,3507758
2018-03-22,40.376,41.036,39.068,39.068,2440652
2018-03-23,38.695,39.316,38.275,38.867,1904501
2018-03-26,39.011,39.25,38.371,38.695,1625229
2018-03-27,39.154,39.555,38.695,38.791,1629929
2018-03-28,38.504,38.695,38.026,38.074,3028715
2018-03-29,38.618,38.81,38.112,38.638,1940820
2018-04-03,38.524,39.077,38.218,38.59,2187073
2018-04-04,38.542,38.552,37.329,37.558,2270965
2018-04-05,38.227,38.332,37.673,37.969,1059754
2018-04-06,37.969,38.008,37.176,37.606,1741955
2018-04-09,37.739,38.504,37.606,37.931,4111068
2018-04-10,38.313,38.609,37.243,38.036,5116726
2018-04-11,37.95,38.695,37.788,38.208,2983513
2018-04-12,38.179,39.698,38.026,39.411,2671392
2018-04-13,39.411,39.603,39.001,39.411,2192302
2018-04-16,39.192,39.507,38.819,39.03,748410
2018-04-17,39.173,39.813,39.163,39.813,2470596
2018-04-18,39.66,40.109,38.962,39.794,2772361
2018-04-19,39.65,40.529,39.613,39.766,2397222
2018-04-20,39.65,40.08,39.02,39.02,950748
2018-04-23,38.915,39.727,38.838,39.421,1649693
2018-04-24,39.497,40.224,39.326,39.326,3306054
2018-04-25,39.268,39.526,38.819,39.068,1550818
2018-04-26,39.097,40.129,39.097,40.042,1441093
2018-04-27,40.08,40.31,39.316,39.564,1406036
2018-04-30,39.411,40.166,39.411,39.976,920278
2018-05-02,39.976,40.492,39.67,40.205,945155
2018-05-04,39.994,40.109,38.819,38.819,1919093
2018-05-07,39.03,39.163,38.093,38.141,1035915
2018-05-08,38.084,39.603,38.084,39.526,1602355
2018-05-09,39.526,40.453,39.393,40.176,1992744
2018-05-10,40.51,40.587,39.899,40.166,1959801
2018-05-11,40.1,40.529,39.766,40.529,1363808
2018-05-14,40.329,40.606,39.947,40.549,1404349
2018-05-15,40.376,40.51,39.402,39.689,1366234
2018-05-16,39.497,39.603,38.714,39.335,1878863
2018-05-17,39.001,39.584,38.456,38.695,1667603
2018-05-18,38.609,38.991,38.456,38.858,1872348
2018-05-21,38.752,39.784,38.752,39.603,2260108
2018-05-22,39.517,39.956,39.163,39.344,2775121
2018-05-23,39.077,39.087,38.122,38.456,1435419
2018-05-24,38.599,38.934,37.195,37.195,2011111
2018-05-25,37.262,37.892,37.214,37.596,2700538
2018-05-28,37.529,38.169,36.794,37.195,767094
2018-05-29,37.033,37.376,36.001,37.357,2411257
2018-05-30,36.976,36.976,35.867,35.867,9697168
2018-06-01,35.924,36.383,35.428,36.307,3133454
2018-06-04,36.497,37.586,36.478,36.985,1771314
2018-06-05,36.985,37.673,36.67,37.492,2145127
2018-06-06,37.768,37.797,36.909,37.348,2016138
2018-06-07,37.72,38.389,37.396,38.265,1368896
2018-06-08,37.845,38.313,37.529,37.739,2028424
2018-06-11,37.759,38.322,37.682,37.921,1086155
2018-06-12,37.921,38.599,37.892,38.351,1726319
2018-06-13,38.351,38.408,38.016,38.294,2832697
2018-06-14,38.218,38.561,37.931,38.218,2008075
2018-06-15,38.218,38.408,37.367,37.405,6338822
2018-06-18,37.272,37.339,36.039,36.134,1710073
2018-06-19,35.895,36.077,35.485,36.01,1990308
2018-06-20,35.944,37.243,35.944,36.707,1741129
2018-06-21,36.66,36.927,35.828,36.173,2094062
2018-06-22,36.23,36.469,35.972,36.211,1207808
2018-06-25,35.962,36.756,35.895,36.058,2071754
2018-06-26,35.972,36.574,35.848,35.944,3115216
2018-06-27,35.828,36.134,35.504,35.59,1119603
2018-06-28,35.379,35.494,34.492,34.539,2106183
2018-06-29,34.702,35.342,34.577,35.342,2142170
2018-07-02,34.625,35.198,34.272,35.16,1662646
2018-07-03,35.208,36.536,35.208,36.402,1687392
2018-07-04,36.25,36.689,36.25,36.689,945292
2018-07-05,36.335,36.909,36.221,36.45,1164246
2018-07-06,36.507,36.641,36.383,36.497,1760124
2018-07-09,36.737,36.985,36.211,36.23,1762120
2018-07-10,36.221,37.425,35.972,37.07,1790282
2018-07-11,37.07,37.205,36.65,37.042,1420404
2018-07-12,37.033,37.797,36.88,37.539,1785332
2018-07-13,37.912,37.912,36.526,36.679,1472978
2018-07-16,36.555,36.841,35.887,35.887,689725
2018-07-17,36.087,36.25,35.351,35.734,2421639
2018-07-18,35.81,36.268,35.208,35.485,1009591
2018-07-19,35.294,36.278,35.16,36.03,1330036
2018-07-20,35.867,37.205,35.752,37.157,1517820
2018-07-23,37.214,38.112,37.08,37.749,1532563
2018-07-24,37.892,39.03,37.864,38.953,1525280
2018-07-25,38.924,39.03,38.485,38.743,1141307
2018-07-26,38.743,39.708,38.456,39.44,1079310
2018-07-27,39.374,39.65,38.858,39.402,759843
2018-07-30,39.201,40.109,38.867,40.004,1560373
2018-07-31,39.746,40.386,39.526,39.841,1818041
2018-08-01,39.985,40.129,39.574,40.129,2290869
2018-08-02,39.851,40.281,39.546,39.966,1054479
2018-08-03,39.841,40.09,39.182,39.603,1037589
2018-08-06,39.65,40.243,39.087,40.243,1056234
2018-08-07,40.349,40.436,39.778,40.185,1992604
2018-08-08,40.34,40.466,38.897,38.897,3893073
2018-08-09,39.159,39.788,38.907,39.788,1438162
2018-08-10,39.236,39.352,38.249,38.345,1939415
2018-08-13,38.394,38.994,37.91,38.578,2567691
2018-08-14,38.665,39.052,37.823,38.162,1411938
2018-08-16,37.832,39.188,37.832,39.023,2017068
2018-08-17,39.013,39.023,37.881,37.9,1692513
2018-08-20,38.191,39.052,38.191,38.549,1697430
2018-08-21,38.529,40.078,38.529,39.788,2101799
2018-08-22,39.691,40.659,39.294,40.311,2152785
2018-08-23,40.301,41.647,39.923,41.124,7035648
2018-08-24,41.124,41.705,40.843,40.921,2926574
2018-08-27,41.056,42.198,41.056,41.869,1673237
2018-08-28,41.676,42.837,41.298,42.295,3860453
2018-08-29,41.918,42.576,41.279,41.288,5756014
2018-08-30,41.221,41.618,40.988,41.143,3435967
2018-08-31,41.143,41.521,40.785,40.853,3430132
2018-09-03,40.853,41.618,40.853,41.376,1372499
2018-09-04,41.482,41.956,39.981,40.562,2735100
2018-09-05,40.562,41.085,40.03,40.078,3490087
2018-09-06,39.933,40.64,39.933,40.369,2244167
2018-09-07,40.34,40.746,39.352,39.769,2036490
2018-09-10,39.769,40.524,39.769,40.466,1340905
2018-09-11,40.611,40.659,39.372,39.71,2874391
2018-09-12,39.788,39.856,38.316,38.316,3347179
2018-09-13,38.345,39.033,38.345,38.684,2029864
2018-09-14,39.052,39.255,38.365,39.207,1592309
2018-09-17,39.207,39.517,38.423,38.587,1584090
2018-09-18,38.51,39.875,38.51,39.304,2307757
2018-09-19,39.556,40.969,39.536,40.756,2740378
2018-09-20,40.649,41.134,40.475,40.524,2690668
2018-09-21,40.843,41.027,39.972,40.175,17567765
2018-09-24,40.175,40.456,39.778,40.165,1741873
2018-09-25,40.165,41.337,40.059,41.182,1974104
2018-09-26,41.182,41.608,40.911,41.569,1616190
2018-09-27,41.501,41.84,40.969,41.656,3245666
2018-09-28,41.24,41.801,40.407,41.53,3709291
2018-10-01,41.53,42.063,40.775,40.853,2049055
2018-10-02,40.756,41.085,40.127,40.853,1464266
2018-10-03,41.143,41.734,40.804,41.192,2178683
2018-10-04,40.756,41.647,40.253,41.046,2837963
2018-10-05,40.862,41.376,40.398,40.708,2067972
2018-10-08,40.514,41.037,40.253,40.253,1752387
2018-10-09,40.272,40.998,40.165,40.804,995372
2018-10-10,41.027,41.046,39.062,39.13,2436980
2018-10-11,38.423,39.294,38.316,38.365,2547110
2018-10-12,38.733,39.081,38.239,38.326,2743568
2018-10-15,38.568,38.568,37.174,37.271,4262518
2018-10-16,37.416,38.433,37.174,38.394,4226603
2018-10-17,38.675,39.11,38.539,38.781,2847504
2018-10-18,38.626,39.556,38.471,38.994,2214790
2018-10-19,38.868,39.556,38.578,39.42,1184964
2018-10-22,39.526,39.846,38.655,38.723,1297459
2018-10-23,38.452,38.713,38.21,38.249,1385601
2018-10-24,38.278,38.733,37.919,38.239,1723016
2018-10-25,37.755,38.771,37.639,38.771,1836173
2018-10-26,38.597,38.713,37.755,37.774,1390137
2018-10-29,37.91,38.404,37.59,37.813,1274179
2018-10-30,37.861,38.374,37.59,38.142,1255570
2018-10-31,38.442,38.8,38.103,38.655,2934787
2018-11-02,39.033,39.623,38.946,39.101,1619622
2018-11-05,39.284,40.224,39.255,40.194,2520655
2018-11-06,40.388,40.466,39.497,39.778,1583217
2018-11-07,39.846,41.017,39.807,40.737,2592692
2018-11-08,40.843,41.104,40.291,40.804,2685305
2018-11-09,40.669,40.921,40.165,40.388,2710349
2018-11-13,40.175,40.717,39.643,40.069,2898171
2018-11-14,40.069,40.446,39.701,40.059,2666766
2018-11-15,40.224,40.611,38.994,39.033,2381658
2018-11-16,39.207,39.333,36.196,36.69,10062814
2018-11-19,37.077,37.89,35.732,37.89,4041008
2018-11-20,37.89,38.316,37.087,37.658,2372332
2018-11-21,37.852,38.568,37.561,38.491,2664291
2018-11-22,38.384,38.607,38.026,38.191,1127573
2018-11-23,38.045,38.617,37.987,38.617,748063
2018-11-26,38.462,39.159,38.113,38.452,1269890
2018-11-27,38.626,38.946,38.171,38.81,1925987
2018-11-28,38.791,39.662,38.742,39.546,2215905
2018-11-29,39.691,40.369,39.449,40.369,2461608
2018-11-30,40.049,40.146,39.023,39.604,3025406
2018-12-03,40.253,40.485,40.02,40.243,1371698
2018-12-04,40.136,40.62,39.991,40.62,3256783
2018-12-05,39.923,40.466,39.749,40.466,2099925
2018-12-06,40.001,40.136,39.13,39.323,2533768
2018-12-07,39.478,39.923,38.704,38.752,1413095
2018-12-10,38.723,39.188,38.239,38.239,1387881
2018-12-11,38.549,38.704,37.193,37.193,2993390
2018-12-12,37.416,38.975,37.387,38.771,2273726
2018-12-13,39.12,39.401,38.481,39.207,2843406
2018-12-14,39.013,39.633,38.917,39.556,3679573
2018-12-17,39.275,39.643,39.159,39.623,1659854
2018-12-18,39.255,40.272,39.226,40.272,2729448
2018-12-19,40.098,40.32,39.943,40.262,1813609
2018-12-20,40.04,40.04,38.994,39.314,1824312
2018-12-21,39.294,39.294,37.707,37.978,6084983
2018-12-27,38.578,38.829,38.084,38.142,1537553
2018-12-28,38.326,38.723,38.045,38.21,1103635
2019-01-02,38.239,39.207,37.813,39.207,1409540
2019-01-03,38.646,38.839,38.045,38.307,1900704
2019-01-04,38.675,39.556,38.558,39.159,2310382
2019-01-07,39.401,39.759,39.217,39.594,3240708
2019-01-08,39.497,39.594,39.11,39.401,3946271
2019-01-09,39.497,39.556,38.849,39.13,3840789
2019-01-10,38.829,39.091,38.132,38.336,4263418
2019-01-11,38.51,38.771,37.987,38.229,5338484
2019-01-14,38.142,38.452,37.997,38.239,2168213
2019-01-15,38.433,38.771,38.287,38.626,3311143
2019-01-16,38.81,38.917,38.181,38.578,2381268
2019-01-17,38.578,38.946,38.21,38.529,3821050
2019-01-18,38.626,39.333,38.626,39.284,8006340
2019-01-21,39.304,39.381,38.859,39.207,1118220
2019-01-22,38.868,39.633,38.868,39.11,2857206
2019-01-23,39.062,40.156,39.042,39.875,4860589
2019-01-24,40.146,40.611,39.691,40.272,3037513
2019-01-25,40.466,40.466,39.033,39.139,4240681
2019-01-28,39.207,39.207,37.658,38.2,5905777
2019-01-29,38.239,38.849,37.832,38.578,2607894
2019-01-30,38.442,38.52,37.668,37.726,3573483
2019-01-31,38.045,38.5,37.668,38.249,3033687
2019-02-01,38.336,38.51,37.919,38.51,913123
2019-02-04,38.413,38.597,38.103,38.249,1336533
2019-02-05,38.423,38.684,38.297,38.684,1377340
2019-02-06,38.723,39.149,38.539,39.013,1562285
2019-02-07,38.733,39.052,38.171,38.229,1321432
2019-02-08,38.055,38.249,37.619,37.619,2225958
2019-02-11,37.852,38.258,37.677,38.113,1381276
2019-02-12,38.239,38.617,37.997,38.549,1246247
2019-02-13,38.626,38.626,37.658,38.026,1721105
2019-02-14,38.171,38.2,37.368,37.61,1346400
2019-02-15,37.6,38.374,37.416,38.152,1961753
2019-02-18,38.152,38.326,37.571,37.707,1342869
2019-02-19,37.658,37.755,37.116,37.648,2644128
2019-02-20,37.852,38.558,37.765,38.481,1812349
2019-02-21,38.345,38.742,37.658,37.658,1985680
2019-02-22,37.765,38.229,37.561,37.726,2032411
2019-02-25,37.852,38.094,37.222,37.464,2430075
2019-02-26,37.503,37.658,37.252,37.29,2695542
2019-02-27,37.271,37.59,36.855,37.058,2048015
2019-02-28,37.077,37.242,36.593,36.826,4009634
2019-03-01,37.145,37.3,36.419,36.787,4603362
2019-03-04,37.271,37.552,37.077,37.416,2552601
2019-03-05,37.397,37.532,36.874,36.903,1765949
2019-03-06,36.961,37.135,36.845,36.961,3111030
2019-03-07,37.068,37.416,36.709,36.729,2470691
2019-03-08,36.603,37.048,36.545,37.019,1056470
2019-03-11,37.048,37.155,36.893,36.971,1750386
2019-03-12,37.271,37.31,36.826,36.835,1479822
2019-03-13,36.797,37.252,36.642,37.029,1595482
2019-03-14,37.077,37.329,37,37.271,840025
2019-03-15,37.271,38.278,37.252,37.939,6206133
2019-03-18,37.832,38.016,37.464,37.532,1269403
2019-03-19,37.532,37.871,37.474,37.726,1184434
2019-03-20,37.6,38.365,37.6,38.326,1582978
2019-03-21,38.142,38.433,38.055,38.433,1337338
2019-03-22,38.297,38.423,37.464,37.464,1885509
2019-03-25,37.368,37.736,37.252,37.474,1091819
2019-03-26,37.474,38.065,37.387,37.997,950312
2019-03-27,37.89,38.22,37.6,37.658,1422411
2019-03-28,37.561,37.823,37.445,37.445,630893
2019-03-29,37.61,37.745,37.039,37.348,1613287
2019-04-01,37.648,37.91,37.474,37.629,1212479
2019-04-02,37.552,38.123,37.552,37.755,1107905
2019-04-03,37.929,38.384,37.871,38.384,1556012
2019-04-04,38.278,39.226,38.22,39.217,3548748
2019-04-05,39.159,39.352,38.316,38.345,2249972
2019-04-08,38.336,38.558,38.2,38.481,715146
2019-04-09,38.617,38.752,38.084,38.394,2126752
2019-04-10,38.452,38.665,38.132,38.51,2089502
2019-04-11,38.578,38.675,38.258,38.326,1516802
2019-04-12,38.51,38.587,38.152,38.287,1196018
2019-04-15,38.326,38.452,37.949,38.2,1318426
2019-04-16,38.297,38.665,38.268,38.617,1900256
2019-04-17,38.617,38.704,38.287,38.413,1903397
2019-04-18,38.336,38.394,37.91,37.978,1922084
2019-04-23,38.045,38.433,37.803,38.423,1135209
2019-04-24,38.268,38.597,38.103,38.491,2683854
2019-04-25,38.51,38.529,37.968,38.22,1557329
2019-04-26,38.084,38.762,38.055,38.723,1123095
2019-04-29,38.839,38.975,38.587,38.878,1392939
2019-04-30,38.094,38.51,37.339,37.987,3344997
2019-05-02,37.987,38.181,37.658,38.007,1894708
2019-05-06,37.484,37.91,37.106,37.561,1464753
2019-05-07,37.561,37.726,36.593,36.593,2179355
2019-05-08,36.729,36.932,36.409,36.574,2345358
2019-05-09,36.593,36.758,35.916,36.08,2083059
2019-05-10,36.438,36.903,36.322,36.525,2524738
2019-05-13,36.545,36.835,36.032,36.651,2136227
2019-05-14,36.777,36.932,36.293,36.458,2046852
2019-05-15,36.98,37.077,35.703,35.983,2128968
2019-05-16,36.119,36.835,35.77,36.738,2947125
2019-05-17,36.787,36.787,36.07,36.4,1335243
2019-05-20,36.487,36.68,36.177,36.4,1236399
2019-05-21,36.651,36.651,35.945,36.303,1615155
2019-05-22,36.409,36.661,36.08,36.496,3125446
2019-05-23,36.303,36.748,36.119,36.535,2256701
2019-05-24,36.4,36.864,36.4,36.593,2152861
2019-05-27,36.603,36.787,36.458,36.555,1356041
2019-05-28,36.555,36.787,36.312,36.506,6113698
2019-05-29,36.371,36.864,36.361,36.826,3068365
2019-05-30,36.884,37.687,36.787,37.242,4316357
2019-05-31,36.98,38.045,36.835,38.045,3888210
2019-06-03,37.881,38.52,37.803,38.22,2036452
2019-06-04,38.103,38.607,37.861,38.239,1813910
2019-06-05,38.2,38.665,38.152,38.258,2621746
2019-06-06,38.433,40.349,38.258,40.175,6994090
2019-06-07,40.185,40.911,40.127,40.698,3324736
2019-06-10,40.659,40.698,39.798,40.562,2568448
2019-06-11,40.466,41.424,40.436,41.366,6523428
2019-06-12,41.143,41.405,40.388,40.814,3466398
2019-06-13,40.814,41.763,40.485,41.492,2633082
2019-06-14,41.395,41.395,40.785,40.891,1934256
2019-06-17,40.862,41.298,40.562,40.611,1120466
2019-06-18,40.611,42.014,40.611,41.763,3098819
2019-06-19,41.763,41.821,41.453,41.647,1627544
2019-06-21,41.724,42.111,41.356,41.792,6424704
2019-06-24,41.724,41.976,41.482,41.772,1157918
2019-06-25,41.453,41.569,40.814,40.853,1552235
2019-06-26,40.853,41.317,40.775,41.221,1601800
2019-06-27,41.288,41.724,41.288,41.588,2111232
2019-06-28,41.453,41.724,41.317,41.453,2143954
2019-07-01,41.627,42.082,41.288,41.443,1517753
2019-07-02,41.395,41.869,41.308,41.656,2081559
2019-07-03,41.511,41.579,40.572,40.669,2690600
2019-07-04,40.998,41.24,40.495,40.998,2219539
2019-07-05,41.23,41.23,40.301,40.562,2281268
2019-07-08,40.466,40.717,40.185,40.514,1638996
2019-07-09,40.64,40.688,40.156,40.466,1907469
2019-07-10,40.311,40.901,40.146,40.272,2988766
2019-07-11,40.446,40.688,40.107,40.282,1777046
2019-07-12,40.272,40.475,40.02,40.02,1893847
2019-07-15,40.127,40.301,39.807,40.282,1470402
2019-07-16,40.417,40.63,40.069,40.272,1349511
2019-07-17,40.175,40.601,40.136,40.349,3617066
2019-07-18,40.272,41.085,39.981,41.075,8304905
2019-07-19,41.066,41.463,40.814,41.288,5178584
2019-07-22,41.143,41.337,40.95,41.192,2257438
2019-07-23,41.24,41.424,41.134,41.24,3334078
2019-07-24,41.153,41.337,40.766,40.921,2208752
2019-07-25,41.075,41.211,40.62,40.843,2147581
2019-07-26,40.833,40.979,40.475,40.785,1525552
2019-07-29,40.804,40.833,40.301,40.33,1575791
2019-07-30,40.6,40.65,39.86,39.93,1419251
2019-07-31,39.94,41.05,39.71,40.87,4121636
2019-08-01,40.61,40.95,39.34,39.34,3159964
2019-08-02,39.2,39.48,38.56,39.2,2310200
2019-08-05,39.03,39.4,38.65,38.7,2042977
2019-08-06,38.7,39.65,38.38,38.38,2824911
2019-08-07,38.45,39.29,38.01,38.47,2445910
2019-08-08,38.93,39.65,38.65,39.42,3211634
2019-08-09,39.42,39.74,38.46,38.87,1675010
2019-08-12,39,39.39,38.62,38.9,994446
2019-08-13,39,39.59,38.2,39.42,2132113
2019-08-14,39.2,39.38,38.24,38.24,2406183
2019-08-16,38.5,39.26,38.38,38.91,3268078
2019-08-19,39.2,39.5,39,39.44,2781592
2019-08-20,39.5,39.91,39.28,39.7,2915455
2019-08-21,39.57,40.15,39.5,39.9,1908646
2019-08-22,39.99,40.39,39.82,40.1,2860678
2019-08-23,40.3,40.47,38.81,39.54,2300327
2019-08-26,39.45,39.72,38.88,39.25,1340881
2019-08-27,39.3,39.78,38.41,39.17,6142290
2019-08-28,39.24,39.47,36.75,36.95,3869963
2019-08-29,37,37.5,36.2,37.5,2926346
2019-08-30,37.4,39.26,37.34,39.15,3296675
2019-09-02,39,39.4,38.7,39.28,950210
2019-09-03,39.09,39.09,38,38.4,1414521
2019-09-04,39.48,39.48,38.12,38.58,4908123
2019-09-05,39,39.32,38.55,39.01,2509290
2019-09-06,39.01,39.82,38.98,39.58,2174324
2019-09-09,39.48,41.17,39.48,41.17,3192383
2019-09-10,40.88,41.74,40.85,41.4,3095159
2019-09-11,41.5,41.77,40.84,41.18,2562040
2019-09-12,41.18,41.44,40.65,40.94,2399222
2019-09-13,40.82,41.4,40.82,41.2,2047074
2019-09-16,41.05,41.82,40.75,41.75,2868798
2019-09-17,41.35,41.6,40.76,41.1,2053703
2019-09-18,41,41.31,40.46,41.27,2103958
2019-09-19,41.01,41.04,40.47,40.84,1857940
2019-09-20,40.66,41.05,39.49,39.84,5958328
2019-09-23,39.61,39.78,38.36,38.7,3500076
2019-09-24,38.82,39.8,38.68,39.72,3433488
2019-09-25,39.36,39.5,38.82,39.45,2000082
2019-09-26,39.45,39.62,38.96,39.43,3284196
2019-09-27,39.48,40.08,39.43,40.04,2621208
2019-09-30,40,40,38.8,39.32,2044881
2019-10-01,39.42,39.55,38.7,38.85,1974307
2019-10-02,38.97,39.11,37.39,37.39,3055945
2019-10-03,37.3,39.39,35.8,37.16,7168609
2019-10-04,37.3,38.09,37.2,37.74,2438576
2019-10-07,37.92,37.95,37.28,37.61,1362289
2019-10-08,37.51,37.72,37.21,37.21,2829241
2019-10-09,37.45,37.8,37.08,37.3,1964671
2019-10-10,37.3,37.45,36.02,37.23,3610755
2019-10-11,37.18,37.99,37.06,37.96,2001634
2019-10-14,38,38,36.5,36.7,3098606
2019-10-15,36.93,36.98,36.33,36.68,4914185
2019-10-16,36.79,37.59,36.7,37.11,5749355
2019-10-17,37.16,38.15,37.12,37.86,3476844
2019-10-18,37.55,37.84,37.3,37.64,2231308
2019-10-21,37.51,38.14,37.51,38.09,1473958
2019-10-22,38.1,38.6,37.65,38.6,2900094
2019-10-23,38.42,38.65,38.26,38.53,1671743
2019-10-24,38.55,39.18,38.42,39.07,2758158
2019-10-25,39,39.04,37.73,38.16,2958002
2019-10-28,37.98,38.86,37.87,38.57,1577822
2019-10-29,38.42,39.11,38.07,39,2924828
2019-10-30,39.05,39.41,38.68,38.82,2286555
2019-10-31,39.1,39.1,38.07,38.12,2218627
2019-11-04,38.47,39.57,38.34,39.45,3020546
2019-11-05,39.45,39.95,39.25,39.87,2628383
2019-11-06,39.8,39.98,39.15,39.15,2038313
2019-11-07,39.21,39.74,38.41,39.01,3162299
2019-11-08,39.1,39.36,38.6,39,2188491
2019-11-12,39.19,39.55,39,39.34,2711604
2019-11-13,39.4,39.44,38.83,39.21,2195104
2019-11-14,39.15,39.45,38.44,38.44,3305579
2019-11-15,38.5,38.83,38.03,38.21,1610590
2019-11-18,38.41,38.7,37.73,37.88,1650514
2019-11-19,38,38.13,37.48,37.72,2100646
2019-11-20,37.5,37.91,37.37,37.83,2041103
2019-11-21,37.85,38.14,37.51,38.1,1228451
2019-11-22,38.01,38.7,37.76,38.62,1893280
2019-11-25,38.64,38.91,38.49,38.75,1810708
2019-11-26,38.71,38.71,37.8,37.95,5306615
2019-11-27,38.04,38.13,37.65,37.86,995195
2019-11-28,37.62,37.78,36.38,36.75,3590463
2019-11-29,36.76,36.96,36.02,36.14,3270305
2019-12-02,36.31,36.69,35.95,36,1966316
2019-12-03,36,36.16,35.26,35.7,1986199
2019-12-04,35.55,36.06,34.86,34.99,2989492
2019-12-05,35.21,35.6,34.42,34.77,3081059
2019-12-06,34.88,35.1,33.9,34.03,2861255
2019-12-09,34.09,34.11,33.71,33.79,2875070
2019-12-10,33.79,34.37,33.23,33.71,2140483
2019-12-11,33.86,33.87,33.12,33.47,2587403
2019-12-12,33.5,34.52,33.4,34.39,4168230
2019-12-13,34.86,34.93,34.14,34.22,2267429
2019-12-16,34.16,35.16,34.16,34.83,2067767
2019-12-17,34.77,35.6,34.77,35.19,4744201
2019-12-18,35.37,35.4,34.59,35.27,3758396
2019-12-19,35.32,35.32,34.75,35,1909799
2019-12-20,34.85,35.02,34.66,34.76,5317221
2019-12-23,34.76,34.89,34.4,34.67,1114475
2019-12-27,34.67,35,34.46,34.54,1214011
2019-12-30,34.55,35.07,34.43,34.46,1049802
2020-01-02,34.9,35.7,34.7,35.47,3224053
2020-01-03,35.21,35.21,34.57,34.75,2330131
2020-01-07,34.67,35,34.4,34.43,1969077
2020-01-08,34.21,34.39,33.81,34.07,2463297
2020-01-09,34.25,34.75,34.2,34.75,2161231
2020-01-10,34.81,34.89,34.25,34.74,1351336
2020-01-13,34.74,35.82,34.51,35.41,3445095
2020-01-14,35.65,35.78,35.16,35.44,4638712
2020-01-15,35.47,35.49,34.71,34.81,2816783
2020-01-16,35.04,35.18,34.53,34.88,2719983
2020-01-17,34.92,35.38,34.9,35,1613045
2020-01-20,35.12,35.23,34.96,35.05,1052681
2020-01-21,34.99,35.39,34.83,34.98,1586381
2020-01-22,35.08,35.3,34.35,34.48,1193864
2020-01-23,34.37,35.78,34.32,35.26,2452635
2020-01-24,35.19,35.87,35.16,35.72,2064862
2020-01-27,35.22,35.56,34.46,34.46,2624193
2020-01-28,34.68,35.26,34.59,34.9,2011179
2020-01-29,34.93,35.25,34.66,34.9,2967505
2020-01-30,34.54,35.03,34.51,34.7,2123124
2020-01-31,34.86,34.97,33.79,34.21,4098405
2020-02-03,34,34.84,33.2,34.66,2974197
2020-02-04,35,36.2,34.66,36,5394922
2020-02-05,36.1,36.48,35.52,35.66,3307866
2020-02-06,35.69,35.82,35.39,35.77,1758245
2020-02-07,35.45,35.95,35.23,35.95,1557275
2020-02-10,35.83,35.93,35.29,35.29,796633
2020-02-11,35.31,35.7,34.69,35.17,1803614
2020-02-12,36.25,37.09,36.18,36.5,4990750
2020-02-13,36.45,36.45,35.74,35.86,2094867
2020-02-14,36.08,36.08,35.55,35.79,1638048
2020-02-17,35.89,35.92,35.47,35.55,1068756
2020-02-18,35.28,35.49,35.12,35.15,1292482
2020-02-19,35.3,35.34,34.81,35.13,1651743
2020-02-20,35.14,35.18,34.73,34.8,1892534
2020-02-21,34.69,34.79,34.32,34.41,1665437
2020-02-24,33.9,33.93,32.78,33,2986156
2020-02-25,33.24,33.24,31.87,32.05,3571817
2020-02-26,32.1,32.78,31.25,32.28,3173867
2020-02-27,32.03,32.8,31.7,31.96,2555323
2020-02-28,31.6,32.06,30.59,31.29,5575049
2020-03-02,32.33,32.55,31.32,32.35,3913456
2020-03-03,32.65,33.78,32.55,33.1,4036412
2020-03-04,33,33.36,32.51,32.56,2754026
2020-03-05,32.75,33.06,31.64,31.64,2759371
2020-03-06,31.33,31.71,30.37,30.62,2964149
2020-03-09,29,29.46,27.45,27.72,3523517
2020-03-10,28.1,28.76,27.32,27.92,3821020
2020-03-11,28.11,28.31,26.31,26.63,2961506
2020-03-12,25.5,25.5,23.18,23.18,3752953
2020-03-13,23.99,25.37,23.1,23.5,6764837
2020-03-16,22.94,23.11,20.3,21.5,6971289
2020-03-17,22.24,22.87,21.01,22.1,7318962
2020-03-18,21.91,22.21,20.75,21,5416181
2020-03-19,21.28,22.07,20.86,21.89,6072444
2020-03-20,23,24.01,22.58,23.06,7642094
2020-03-23,22.5,22.76,21.4,21.45,3359361
2020-03-24,22.5,22.8,21.55,22.31,3066740
2020-03-25,23.41,23.45,21.61,21.84,3507067
2020-03-26,21.5,23.49,20.89,23.46,4434379
2020-03-27,23.46,23.99,22.51,22.75,3166546
2020-03-30,22.95,22.95,22.08,22.51,2130445
2020-03-31,22.8,23.39,22.52,22.62,3455596
2020-04-01,22.4,22.53,21.92,22.2,2957324
2020-04-02,22.3,22.44,21.22,21.83,3870599
2020-04-03,21.75,21.85,21.15,21.85,3727048
2020-04-06,22.45,22.8,22.14,22.68,3490143
2020-04-07,23.13,24.46,23.05,23.41,7107615
2020-04-08,23.8,23.94,21.75,21.91,7582799
2020-04-09,22.5,22.68,21.95,22.68,4489088
2020-04-14,23.2,23.49,22.93,23.2,3488445
2020-04-15,23.31,23.36,22.1,22.14,4738886
2020-04-16,22.6,22.69,22,22.04,4751531
2020-04-17,22.5,22.62,21.91,21.93,5104371
2020-04-20,22.09,22.13,21.54,22.13,2366440
2020-04-21,21.91,21.94,21.07,21.07,3676982
2020-04-22,21.25,21.58,20.95,21.22,3824706
2020-04-23,21.4,21.46,20.7,21.26,3902064
2020-04-24,21.18,21.23,20.82,20.82,2813109
2020-04-27,20.98,21.02,20.03,20.1,5477747
2020-04-28,19.8,20.74,19.655,20.24,7425700
2020-04-29,20.56,21.97,20.45,21.94,5337959
2020-04-30,22.4,22.85,21.71,22.01,6103164
2020-05-04,21.69,21.76,21.37,21.58,3300317
2020-05-05,21.82,21.86,20.91,21.01,2516489
2020-05-06,21.2,21.2,20.6,20.6,2514533
2020-05-07,20.78,21.32,20.45,21,2256074
2020-05-08,21.45,21.45,20.87,21.06,1687806
2020-05-11,21.34,21.34,20.65,20.65,1421650
2020-05-12,20.65,21.53,20.36,21.42,3892973
2020-05-13,21.23,22.09,21.07,21.3,2731941
2020-05-14,21.03,21.13,20.42,20.75,3258953
2020-05-15,20.84,21.17,20.6,20.67,1825448
2020-05-18,21,21.55,20.73,21.55,2885325
2020-05-19,21.9,21.9,21.31,21.6,2316463
2020-05-20,21.56,21.85,21.41,21.64,1720402
2020-05-21,21.62,21.62,21.2,21.2,2866540
2020-05-22,21.1,21.34,20.81,21.15,1445802
2020-05-25,21.37,21.37,21.05,21.25,702122
2020-05-26,21.59,22.6,21.41,22.54,4154607
2020-05-27,22.65,23.92,22.43,23.15,6772196
2020-05-28,23.59,24.8,21.4,22.3,13862221
2020-05-29,22.1,22.49,21.53,22.3,11447299
2020-06-01,22.63,22.95,22.21,22.45,2951846
2020-06-02,22.56,22.86,21.92,22.06,5924901
2020-06-03,22.22,22.78,22.06,22.55,7038663
2020-06-04,22.56,22.75,22.26,22.66,7024173
2020-06-05,22.9,23.85,22.9,23.57,8445618
2020-06-08,23.67,24.64,23.61,24.48,8109271
2020-06-09,24.85,25.12,23.95,24.24,6732787
2020-06-10,24.24,24.29,23.15,23.42,5131559
2020-06-12,22.5,23.01,22.32,22.57,7147010
2020-06-15,22.2,22.22,21.63,21.76,7089425
2020-06-16,22.3,23.4,22.16,23.23,6170090
2020-06-17,23.61,23.61,22.61,22.7,3823817
2020-06-18,22.6,23.27,22.45,23.09,5044107
2020-06-19,23.2,23.29,22.82,23,5469588
2020-06-22,22.96,22.98,22.46,22.5,3525277
2020-06-23,22.83,23.79,22.62,23.6,3925870
2020-06-24,23.56,23.76,22.8,22.81,2950663
2020-06-25,22.64,22.94,22.25,22.82,3166515
2020-06-26,22.91,23.1,22.37,22.37,1639435
2020-06-29,22.37,22.77,22,22.7,1834732
2020-06-30,22.72,22.92,22.32,22.92,3117907
2020-07-01,22.82,23.1,22.45,23.04,3329131
2020-07-02,23.15,23.63,22.9,23.49,4078201
2020-07-03,23.57,23.59,23.16,23.27,1387779
2020-07-06,23.68,23.92,23.31,23.58,1961911
2020-07-07,23.5,23.58,23.16,23.33,1453973
2020-07-08,23.13,23.35,22.93,23.32,1671837
2020-07-09,23.35,23.54,23.17,23.29,1839308
2020-07-10,23.01,23.55,23.01,23.55,1670974
2020-07-13,23.8,23.85,23.5,23.71,2225157
2020-07-14,23.5,23.71,23.29,23.51,3154135
2020-07-15,23.7,24.16,23.43,24.08,3341765
2020-07-16,23.92,24.01,23.68,23.9,1764162
2020-07-17,23.99,23.99,23.32,23.4,1862005
2020-07-20,23.4,23.8,23.23,23.8,1457811
2020-07-21,23.86,24.85,23.7,24.04,4698617
2020-07-22,24.04,24.08,23.37,23.37,2501831
2020-07-23,23.5,23.69,23.15,23.26,2004157
2020-07-24,23.1,23.19,23.01,23.1,1239221
2020-07-27,23.07,23.2,22.48,22.62,2743853
2020-07-28,22.62,23.07,22.45,22.8,1976723
2020-07-29,22.7,22.9,22.34,22.54,1120658
2020-07-30,22.54,22.6,21.66,21.7,2668499
2020-07-31,21.87,22.22,21.73,21.75,1930434
2020-08-03,21.82,22.07,21.56,21.85,1762020
2020-08-04,22,22.46,21.94,22.25,1744427
2020-08-05,22.84,23.1,22.05,22.25,2362827
2020-08-06,22.27,22.53,21.65,21.84,2037267
2020-08-07,21.85,21.92,21.5,21.63,1750024
2020-08-10,21.88,22.06,21.6,21.9,1424435
2020-08-11,22.01,23.17,21.8,23.14,2934273
2020-08-12,23.16,23.61,22.91,23.36,1911370
2020-08-13,23.4,23.55,23.1,23.12,1049321
2020-08-14,23.05,23.2,22.6,23.2,831228
2020-08-17,23.2,23.22,22.75,23.15,789079
2020-08-18,23.05,23.19,22.72,22.87,1807085
2020-08-19,22.81,22.94,22.32,22.33,1571010
2020-08-20,22.43,22.5,22.01,22.01,1247444
2020-08-21,22.2,22.38,22,22.1,1140067
2020-08-24,22.25,22.49,22.12,22.4,957540
2020-08-25,22.6,22.85,22.02,22.02,1455547
2020-08-26,22.09,22.4,21.95,22.29,929968
2020-08-27,22.24,22.35,21.97,22.04,1195128
2020-08-28,22.04,22.64,21.96,22.05,1687002
2020-08-31,22.23,22.25,21.51,21.57,3488775
2020-09-01,21.7,21.77,20.98,21.1,3535062
2020-09-02,21.23,21.45,21.02,21.3,1539908
2020-09-03,21.31,21.71,21.12,21.23,1957277
2020-09-04,21.06,21.38,20.92,21.01,1831559
2020-09-07,21.21,21.27,20.92,21.06,1074094
2020-09-08,21.26,21.59,20.52,20.82,2364316
2020-09-09,20.83,21.45,20.7,21.24,2838930
2020-09-10,21.24,21.57,20.87,21.37,2088510
2020-09-11,21.35,21.62,21.26,21.6,2158580
2020-09-14,21.79,22.24,21.62,21.91,3546972
2020-09-15,22.09,22.22,21.66,21.98,2395589
2020-09-16,22,22,21.55,21.72,1901297
2020-09-17,21.58,22.05,21.32,21.97,1706581
2020-09-18,21.98,22.04,21.41,21.41,4010748
2020-09-21,21.25,21.41,19.935,20.36,6339038
2020-09-22,20.49,20.68,20.16,20.5,2017321
2020-09-23,20.78,20.79,20,20,3119361
2020-09-24,19.95,20.18,19.9,20.12,2449286
2020-09-25,20.17,20.35,19.9,19.92,2741366
2020-09-28,20.1,20.99,20.05,20.99,3368088
2020-09-29,21,21.14,20.81,20.96,3581402
2020-09-30,20.87,21.36,20.63,21.21,3670086
2020-10-01,21.45,21.47,21.02,21.09,1411310
2020-10-02,20.8,21.52,20.74,21.32,1299513
2020-10-05,21.55,21.93,21.49,21.92,1887696
2020-10-06,22.07,23.16,22.07,22.73,4815303
2020-10-07,22.73,22.98,22.49,22.84,2856887
2020-10-08,22.89,22.98,22.36,22.44,2309223
2020-10-09,22.44,22.44,21.65,22.25,2711407
2020-10-12,22.34,22.36,21.79,22.05,1732196
2020-10-13,22.08,22.08,21.43,21.49,1800062
2020-10-14,21.52,22.18,21.5,21.58,2688799
2020-10-15,21.3,21.49,20.71,20.76,3099853
2020-10-16,20.85,21.17,20.34,21.01,2005397
2020-10-19,21.04,21.36,20.4,20.57,2781677
2020-10-20,20.55,20.78,20.2,20.58,1856120
2020-10-21,20.55,20.69,20.07,20.18,1487006
2020-10-22,20.15,20.65,19.915,20.4,3239939
2020-10-23,20.38,21.08,20.38,20.97,3370280
2020-10-26,20.8,21.08,20.7,20.85,1410476
2020-10-27,21.01,21.32,20.51,20.77,2798550
2020-10-28,20.5,20.64,19.065,19.38,5392440
2020-10-29,19.435,19.47,18.21,18.9,6443010
2020-10-30,18.51,18.985,18.395,18.955,4643437
2020-11-02,19.18,19.89,18.97,19.68,5016205
2020-11-03,19.855,20.99,19.735,20.97,4442823
2020-11-04,20.55,21.08,20.02,20.44,3800354
2020-11-05,20.83,21,20.09,20.94,2380686
2020-11-06,20.64,21.2,20.2,21,4520672
2020-11-09,21.09,22.97,20.78,22.79,6877079
2020-11-10,22.85,24.68,22.5,24.2,10341154
2020-11-12,24,24.86,23.83,24.86,9510018
2020-11-13,24.63,25.39,24.43,25.15,5544603
2020-11-16,25.3,27.2,25.3,26.81,7759469
2020-11-17,26.81,26.95,26.17,26.89,4295980
2020-11-18,26.65,27.23,26.53,27.23,3983298
2020-11-19,26.94,27.16,26.76,26.76,3189077
2020-11-20,26.64,26.97,26.2,26.83,2930809
2020-11-23,27,28,27,27.85,3690007
2020-11-24,28,28.35,27.44,28.1,5279917
2020-11-25,28.2,28.28,27.31,27.86,2958497
2020-11-26,27.87,28.06,27.76,28.04,2750172
2020-11-27,27.8,28,27.35,27.98,3289160
2020-11-30,27.5,27.61,26.34,26.4,7903004
2020-12-01,26.67,27.15,26.33,26.56,2169795
2020-12-02,26.33,27.26,26.2,27.26,3357578
2020-12-03,27.3,27.68,26.85,27.5,2822985
2020-12-04,27.4,28.1,27.4,28,2969471
2020-12-07,27.95,28.45,27.49,28.34,3365462
2020-12-08,28.24,28.44,28.05,28.33,3091096
2020-12-09,28.4,29.86,28.38,29.15,4353923
2020-12-10,29.2,29.4,28.21,28.66,2859046
2020-12-11,28.84,29.2,28.27,28.85,2272235
2020-12-14,29,29.5,28.47,28.47,2021263
2020-12-15,28.47,28.79,28.3,28.69,1789353
2020-12-16,28.99,29.56,28.95,29.51,2911074
2020-12-17,29.35,29.45,27.64,28.47,5051134
2020-12-18,28.3,28.69,27.98,28.18,4156017
2020-12-21,27.91,28.17,26.71,27.66,3122569
2020-12-22,27.66,28.59,27.66,28.56,1752690
2020-12-23,28.58,28.96,28.47,28.73,1446513
2020-12-28,29.19,29.88,28.94,29.7,1763471
2020-12-29,29.98,30.31,29.54,29.83,1808941
2020-12-30,30.3,30.35,28.7,28.72,2867630
2021-01-04,28.72,29.7,28.7,29.1,1847402
2021-01-05,29,29.9,28.82,29.58,2582202
2021-01-07,30.34,31.78,30.23,31.78,3696175
2021-01-08,32,32.88,31.82,32.65,3822656
2021-01-11,32.6,33.68,32.03,32.75,3558783
2021-01-12,32.8,32.95,31.77,32,2456496
2021-01-13,32.11,32.24,31.3,32,2652946
2021-01-14,32.02,32.13,30.91,31.31,3295952
2021-01-15,31.1,31.5,30.4,30.62,3026300
2021-01-18,30.57,31.31,30.21,30.81,2523903
2021-01-19,31.1,31.7,30.13,30.24,3484392
2021-01-20,30.18,30.66,29.53,30.47,3793333
2021-01-21,30.69,31.12,29.7,29.95,1942025
2021-01-22,29.69,29.93,29.24,29.67,2467312
2021-01-25,29.87,29.96,28.72,29.27,3272467
2021-01-26,29,29.69,28.6,29.44,2461013
2021-01-27,29.37,29.46,28.46,28.75,2022871
2021-01-28,28.59,29.29,28.03,29.13,2546697
2021-01-29,28.65,29.13,28.5,28.88,2979062
2021-02-01,28.71,29.29,28.7,29.15,1406284
2021-02-02,29.29,29.62,28.92,29.55,2462389
2021-02-03,29.8,29.88,28.76,28.91,2904735
2021-02-04,28.78,28.91,28.15,28.18,3551968
2021-02-05,28.29,29.46,28.19,28.6,3492197
2021-02-08,28.6,29.18,28.01,28.17,3513566
2021-02-09,28.2,28.4,28.04,28.08,1585295
2021-02-10,28.11,28.3,27.51,27.6,1875061
2021-02-11,27.7,28.41,27.53,28.23,2347762
2021-02-12,28.2,28.25,27.69,28.08,1741185
2021-02-15,28.36,29.48,28.21,29.4,2500097
2021-02-16,29.45,31.66,29.3,31.3,5926607
2021-02-17,31.18,31.48,30.54,31.2,5007673
2021-02-18,31.15,31.71,30.52,30.6,3027531
2021-02-19,30.6,30.88,29.59,30.66,4789321
2021-02-22,30.17,30.45,29.91,30.36,2173317
2021-02-23,30.4,30.79,29.15,29.61,2857650
2021-02-24,29.71,30.39,29.55,29.76,2552773
2021-02-25,30.1,30.65,30.04,30.57,3056591
2021-02-26,30.06,30.65,29.83,30.14,4276574
2021-03-01,30.4,31.34,30.33,31.22,2915616
2021-03-02,31.18,31.4,30.6,30.76,2439028
2021-03-03,30.76,31.85,30.7,30.94,2353833
2021-03-04,30.68,31.17,30.12,30.95,2633308
2021-03-05,30.91,31.19,30.51,31.09,2893641
2021-03-08,31.17,31.87,30.81,31.84,2874842
2021-03-09,31.74,32.48,31.6,32.34,3964678
2021-03-10,32.21,32.78,32.06,32.71,3495999
2021-03-11,32.73,32.9,31.59,31.74,2465039
2021-03-12,31.74,32.18,31.38,32.13,2196277
2021-03-15,32.2,32.48,31.93,32.22,1306195
2021-03-16,32.31,32.37,31.25,31.5,2211982
2021-03-17,31.37,31.38,30.13,30.88,5840137
2021-03-18,31.06,31.93,30.76,31.83,2648908
2021-03-19,31.64,31.75,30.86,31.05,4734180
2021-03-22,30.9,31.74,30.9,31.54,1552655
2021-03-23,31.8,33.15,31.21,32.8,3302153
2021-03-24,32.24,32.6,31.91,32.59,2588411
2021-03-25,32.55,32.78,31.94,32.31,2109232
2021-03-26,32.43,32.96,32.14,32.52,1779293
2021-03-29,32.49,32.8,32.33,32.65,1389203
2021-03-30,32.8,32.98,32.46,32.59,733620
2021-03-31,32.7,33.2,32.68,32.73,1743900
2021-04-01,33,33,32.34,32.59,759907
2021-04-06,32.35,33.19,32.33,33.19,1662372
2021-04-07,33,33.04,32.45,32.83,1107622
2021-04-08,32.89,32.97,32.16,32.51,1603724
2021-04-09,32.51,32.62,31.95,32.22,2604202
2021-04-12,32.15,32.56,31.92,32.5,1787557
2021-04-13,32.57,32.58,32.05,32.17,1263719
2021-04-14,32.48,32.87,32.48,32.83,1652735
2021-04-15,32.83,33.09,32.53,33.09,1209823
2021-04-16,32.95,33.2,32.8,33.15,1440336
2021-04-19,33.18,33.54,32.75,32.87,1460513
2021-04-20,32.8,33.32,32.44,33.03,1763786
2021-04-21,33.07,33.3,32.53,33.29,1927009
2021-04-22,33.35,33.5,32.72,32.91,1157172
2021-04-23,32.71,33,32.45,32.7,1299525
2021-04-26,32.7,32.95,32.5,32.76,1296258
2021-04-27,32.8,33.02,32.61,32.85,1880392
2021-04-28,32.95,33.72,32.87,33.51,2668363
2021-04-29,33.7,36.4,33.57,35.54,5538720
2021-04-30,35.63,35.72,35.11,35.27,1936213
2021-05-04,35.48,35.48,34.02,34.02,2259776
2021-05-05,34.2,34.97,34.12,34.66,1556600
2021-05-06,34.7,35.62,34.53,34.64,1785112
2021-05-07,34.61,35.96,34.61,35.82,1569646
2021-05-10,35.94,37.58,35.93,37.17,3186431
2021-05-11,36.61,36.86,33.76,34.5,12495200
2021-05-12,34.74,35,33.64,33.75,5815155
2021-05-13,33.9,34.16,33.03,34.11,4783896
2021-05-14,34.38,34.68,33.8,34.44,2454191
2021-05-17,34.65,35.35,34.64,35.33,3529071
2021-05-18,35.35,35.58,35.11,35.25,4121810
